id,korean,romanization,english,partOfSpeech,topikLevel,category,labels,lessons,sources,primarySource,sourceGroup,sourceType
kv0001,하다,ha-da,to do,verb,1,daily-life-actions,daily-life-actions,bab03|bab06|bab12|bab14|bab17|bab18|bab19|bab20,bab03|bab06|bab12|bab14|bab17|bab18|bab19|bab20|test-intermediate-1|test-level-1-2-practice|test-level-2-mock|test-level-2-practice|test-reading-skills-set|test-reading-20|test-intermediate-advanced-2|test-intermediate-reading-3|test-intermediate-reading-1|topik-core,bab03,bab,workbook+topik
kv0002,있다,iss-da,to exist / have,adjective,1,descriptions-qualities,descriptions-qualities,bab11|bab12|bab15|bab20,bab11|bab12|bab15|bab20|test-intermediate-1|test-level-1-2-practice|test-level-2-mock|test-level-2-practice|test-reading-skills-set|test-intermediate-advanced-2|test-intermediate-reading-3|test-intermediate-reading-1|test-topik-ii-level-3-practice-2|topik-core,bab11,bab,workbook+topik
kv0003,수,su,ability / way,dependent noun,1,general-core,general-core,bab12|bab16|bab18,bab12|bab16|bab18|test-level-2-mock|test-level-2-practice|test-reading-skills-set|test-intermediate-advanced-2|test-intermediate-reading-3|test-intermediate-reading-1|test-topik-ii-level-3-practice-2|topik-core,bab12,bab,workbook+topik
kv0004,나,na,I / me (casual),pronoun,1,questions-pronouns,questions-pronouns,bab01|bab03|bab04|bab05|bab06|bab07|bab08|bab09|bab10|bab11|bab12|bab13|bab14|bab15|bab16|bab17|bab18|bab19|bab20,bab01|bab03|bab04|bab05|bab06|bab07|bab08|bab09|bab10|bab11|bab12|bab13|bab14|bab15|bab16|bab17|bab18|bab19|bab20|test-intermediate-1|test-level-1-2-practice|test-level-2-mock|test-reading-skills-set|test-reading-20|test-intermediate-advanced-2|test-topik-ii-level-3-practice-2|topik-core,bab01,bab,workbook+topik
kv0005,그,geu,that / he,determiner/pronoun,1,questions-pronouns,questions-pronouns|clothing-appearance,bab10|bab12|bab19|bab20,bab10|bab12|bab19|bab20|test-intermediate-reading-1|topik-core,bab10,bab,workbook+topik
kv0006,없다,eops-da,to not exist / not have,adjective,1,descriptions-qualities,descriptions-qualities,bab12,bab12|test-intermediate-1|test-level-2-mock|test-level-2-practice|test-intermediate-advanced-2|test-intermediate-reading-3|test-intermediate-reading-1|test-topik-ii-level-3-practice-2|topik-core,bab12,bab,workbook+topik
kv0007,사람,sa-ram,person,noun,1,people-occupations,people-occupations,bab01|bab02|bab05|bab06,topik1-vocab|bab01|bab02|bab05|bab06|test-level-1-2-practice|test-level-2-practice|test-reading-20|test-intermediate-advanced-2|test-intermediate-reading-3|test-intermediate-reading-1|test-topik-ii-level-3-practice-2|topik-core,topik1-vocab,topik-vocab,workbook+topik
kv0008,우리,u-ri,we / our,pronoun,1,questions-pronouns,questions-pronouns,bab06|bab10|bab11|bab14|bab15|bab17|bab18|bab19|bab20,bab06|bab10|bab11|bab14|bab15|bab17|bab18|bab19|bab20|test-level-2-practice|test-reading-skills-set|topik-core,bab06,bab,workbook+topik
kv0009,보다,bo-da,to see / watch,verb,1,verbs-actions,verbs-actions,bab03|bab04|bab06|bab11|bab13|bab14|bab20,topik1-vocab|bab03|bab04|bab06|bab11|bab13|bab14|bab20|test-intermediate-1|test-level-1-2-practice|test-level-2-mock|test-level-2-practice|test-reading-20|test-intermediate-advanced-2|test-intermediate-reading-3|topik-core,topik1-vocab,topik-vocab,workbook+topik
kv0010,가다,ga-da,to go,verb,1,travel-movement,travel-movement,bab03|bab04|bab06|bab09|bab10|bab11|bab13|bab14|bab15|bab17|bab20,topik1-vocab|bab03|bab04|bab06|bab09|bab10|bab11|bab13|bab14|bab15|bab17|bab20|test-intermediate-1|test-level-1-2-practice|test-level-2-mock|test-level-2-practice|test-reading-skills-set|test-reading-20|test-intermediate-advanced-2|test-intermediate-reading-3|test-intermediate-reading-1|test-topik-ii-level-3-practice-2|topik-core,topik1-vocab,topik-vocab,workbook+topik
kv0011,년,nyeon,year,dependent noun,1,time-calendar,time-calendar|body-health,bab08|bab09,bab08|bab09|test-level-2-practice|test-intermediate-advanced-2|test-intermediate-reading-3|test-intermediate-reading-1|test-topik-ii-level-3-practice-2|topik-core,bab08,bab,workbook+topik
kv0012,한,han,one / a single,determiner,1,questions-pronouns,questions-pronouns,bab09|bab15|bab16,bab09|bab15|bab16|test-level-2-mock|test-intermediate-advanced-2|test-intermediate-reading-3|test-intermediate-reading-1|test-topik-ii-level-3-practice-2|topik-core,bab09,bab,workbook+topik
kv0013,일,il,work / matter / day,noun,1,time-calendar,time-calendar,bab05|bab07|bab08|bab09|bab18|bab20,topik1-vocab|bab05|bab07|bab08|bab09|bab18|bab20|test-level-1-2-practice|test-level-2-mock|test-reading-skills-set|test-intermediate-advanced-2|test-intermediate-reading-1|test-topik-ii-level-3-practice-2|topik-core,topik1-vocab,topik-vocab,workbook+topik
kv0014,오다,o-da,to come,verb,1,travel-movement,travel-movement,bab03|bab04|bab05|bab06|bab10|bab11|bab15|bab16,topik1-vocab|bab03|bab04|bab05|bab06|bab10|bab11|bab15|bab16|test-intermediate-1|test-level-1-2-practice|test-level-2-mock|test-level-2-practice|test-reading-skills-set|test-reading-20|test-intermediate-advanced-2|test-intermediate-reading-1|topik-core,topik1-vocab,topik-vocab,workbook+topik
kv0015,씨,ssi,~ Mr,dependent noun,1,general-core,general-core,bab03|bab04|bab06|bab08|bab10|bab12|bab13|bab14|bab15|bab17,bab03|bab04|bab06|bab08|bab10|bab12|bab13|bab14|bab15|bab17|test-intermediate-1|test-level-1-2-practice|test-level-2-practice|test-reading-skills-set|test-reading-20|test-intermediate-reading-3|test-intermediate-reading-1|test-topik-ii-level-3-practice-2|topik-core,bab03,bab,workbook+topik
kv0016,크다,keu-da,to be big,adjective,1,descriptions-qualities,descriptions-qualities,bab05|bab06,topik1-vocab|bab05|bab06|test-reading-skills-set|test-intermediate-advanced-2|test-intermediate-reading-3|test-topik-ii-level-3-practice-2|topik-core,topik1-vocab,topik-vocab,workbook+topik
kv0017,많다,manh-da,to be many / much,adjective,1,descriptions-qualities,descriptions-qualities,bab05|bab06|bab15|bab19|bab20,topik1-vocab|bab05|bab06|bab15|bab19|bab20|test-intermediate-1|test-level-2-practice|test-intermediate-advanced-2|test-intermediate-reading-3|test-intermediate-reading-1|test-topik-ii-level-3-practice-2|topik-core,topik1-vocab,topik-vocab,workbook+topik
kv0018,안,an,inside,noun,1,transport-directions,transport-directions,bab04|bab05|bab06|bab07|bab10|bab11|bab12|bab15|bab16|bab18|bab19,bab04|bab05|bab06|bab07|bab10|bab11|bab12|bab15|bab16|bab18|bab19|test-intermediate-1|test-level-1-2-practice|test-level-2-mock|test-level-2-practice|test-reading-skills-set|test-reading-20|test-intermediate-advanced-2|test-intermediate-reading-3|test-intermediate-reading-1|test-topik-ii-level-3-practice-2|topik-core,bab04,bab,workbook+topik
kv0019,좋다,joh-da,to be good,adjective,1,travel-movement,travel-movement|descriptions-qualities,bab05|bab10|bab12|bab20,topik1-vocab|bab05|bab10|bab12|bab20|test-intermediate-1|test-level-1-2-practice|test-level-2-mock|test-level-2-practice|test-reading-skills-set|test-reading-20|test-intermediate-advanced-2|test-intermediate-reading-3|test-intermediate-reading-1|test-topik-ii-level-3-practice-2|topik-core,topik1-vocab,topik-vocab,workbook+topik
kv0020,더,deo,more,adverb,1,verbs-actions,verbs-actions,bab04|bab05|bab11|bab15|bab16|bab17|bab18,bab04|bab05|bab11|bab15|bab16|bab17|bab18|test-intermediate-1|test-level-1-2-practice|test-level-2-mock|test-level-2-practice|test-intermediate-advanced-2|test-intermediate-reading-3|test-intermediate-reading-1|test-topik-ii-level-3-practice-2|topik-core,bab04,bab,workbook+topik
kv0021,받다,bat-da,to receive,verb,1,verbs-actions,verbs-actions,bab11|bab20,bab11|bab20|test-intermediate-advanced-2|topik-core,bab11,bab,workbook+topik
kv0022,그것,geu-geos,that thing,pronoun,1,questions-pronouns,questions-pronouns|clothing-appearance,bab02,bab02|topik-core,bab02,bab,workbook+topik
kv0023,집,jip,home / house,noun,1,places-buildings,places-buildings|home-household,bab03|bab04|bab07|bab16|bab20,topik1-vocab|bab03|bab04|bab07|bab16|bab20|test-intermediate-1|test-level-1-2-practice|test-level-2-mock|test-level-2-practice|test-reading-skills-set|test-intermediate-reading-3|test-intermediate-reading-1|test-topik-ii-level-3-practice-2|topik-core,topik1-vocab,topik-vocab,workbook+topik
kv0024,그리고,geu-ri-go,and / and then,conjunction,1,adverbs-connectors,adverbs-connectors,bab04|bab07|bab08|bab09|bab10|bab17|bab20,bab04|bab07|bab08|bab09|bab10|bab17|bab20|test-level-1-2-practice|test-level-2-mock|test-reading-skills-set|test-intermediate-reading-1|topik-core,bab04,bab,workbook+topik
kv0025,저,jeo,I / me (polite),pronoun,1,questions-pronouns,questions-pronouns,bab06|bab10|bab14|bab15|bab20,bab06|bab10|bab14|bab15|bab20|test-intermediate-1|test-level-2-practice|test-intermediate-advanced-2|topik-core,bab06,bab,workbook+topik
kv0026,만들다,man-deul-da,to make,verb,1,daily-life-actions,daily-life-actions,bab12|bab17|bab20,topik1-vocab|bab12|bab17|bab20|test-intermediate-1|test-reading-skills-set|test-intermediate-advanced-2|test-intermediate-reading-3|topik-core,topik1-vocab,topik-vocab,workbook+topik
kv0027,두,du,"two, a couple of",determiner,1,questions-pronouns,questions-pronouns,bab09|bab16|bab18,bab09|bab16|bab18|test-reading-skills-set|test-intermediate-advanced-2|test-intermediate-reading-3|topik-core,bab09,bab,workbook+topik
kv0028,앞,ap,front,noun,1,transport-directions,transport-directions,bab07|bab12|bab15,bab07|bab12|bab15|test-intermediate-1|test-level-2-mock|test-level-2-practice|test-reading-20|test-intermediate-advanced-2|test-topik-ii-level-3-practice-2|topik-core,bab07,bab,workbook+topik
kv0029,먹다,meok-da,to eat,verb,1,daily-life-actions,daily-life-actions,bab03|bab04|bab06|bab08|bab10|bab11|bab12|bab15|bab20,topik1-vocab|bab03|bab04|bab06|bab08|bab10|bab11|bab12|bab15|bab20|test-intermediate-1|test-level-1-2-practice|test-level-2-mock|test-level-2-practice|test-reading-skills-set|test-reading-20|test-intermediate-advanced-2|test-intermediate-reading-3|test-intermediate-reading-1|test-topik-ii-level-3-practice-2|topik-core,topik1-vocab,topik-vocab,workbook+topik
kv0030,원,ueon,won (Korean currency),dependent noun,1,numbers-counters,numbers-counters|shopping-money,bab15,bab15|test-intermediate-1|test-level-1-2-practice|test-reading-skills-set|topik-core,bab15,bab,workbook+topik
kv0031,어떻다,eo-ddeoh-da,"to be how, what.. do you think of",adjective,1,clothing-appearance,clothing-appearance|descriptions-qualities,bab06|bab20,bab06|bab20|test-level-2-mock|topik-core,bab06,bab,workbook+topik
kv0032,다시,da-si,again,adverb,1,adverbs-connectors,adverbs-connectors,bab17|bab19,topik1-vocab|bab17|bab19|topik-core,topik1-vocab,topik-vocab,workbook+topik
kv0033,여자,yeo-ja,"woman, female",noun,1,general-core,general-core,bab07|bab19,topik1-vocab|bab07|bab19|topik-core,topik1-vocab,topik-vocab,workbook+topik
kv0034,개,gae,dog,noun,1,numbers-counters,numbers-counters|animals-nature,bab16,bab16|topik-core,bab16,bab,workbook+topik
kv0035,뒤,dui,back / behind,noun,1,transport-directions,transport-directions,bab07,bab07|topik-core,bab07,bab,workbook+topik
kv0036,다,da,"all, everything",adverb,1,verbs-actions,verbs-actions,bab03|bab14,bab03|bab14|test-level-2-practice|test-reading-20|test-intermediate-advanced-2|test-topik-ii-level-3-practice-2|topik-core,bab03,bab,workbook+topik
kv0037,좀,jom,a little / please,adverb,1,adverbs-connectors,adverbs-connectors,bab12|bab15|bab17|bab19|bab20,bab12|bab15|bab17|bab19|bab20|topik-core,bab12,bab,workbook+topik
kv0038,함께,ham-gge,"together, with",adverb,1,verbs-actions,verbs-actions,bab08|bab09|bab10|bab11|bab13|bab18|bab19,bab08|bab09|bab10|bab11|bab13|bab18|bab19|test-reading-20|test-intermediate-advanced-2|test-intermediate-reading-3|topik-core,bab08,bab,workbook+topik
kv0039,많이,manh-i,a lot / much,adverb,1,adverbs-connectors,adverbs-connectors,bab11|bab12|bab15|bab17|bab18|bab19|bab20,topik1-vocab|bab11|bab12|bab15|bab17|bab18|bab19|bab20|test-intermediate-1|test-level-2-mock|test-level-2-practice|test-reading-20|test-intermediate-advanced-2|test-intermediate-reading-3|test-intermediate-reading-1|test-topik-ii-level-3-practice-2|topik-core,topik1-vocab,topik-vocab,workbook+topik
kv0040,시간,si-gan,time / hour,noun,1,time-calendar,time-calendar,bab16|bab18|bab20,topik1-vocab|bab16|bab18|bab20|test-intermediate-1|test-level-1-2-practice|test-level-2-mock|test-level-2-practice|test-reading-skills-set|test-intermediate-advanced-2|test-intermediate-reading-3|test-intermediate-reading-1|test-topik-ii-level-3-practice-2|topik-core,topik1-vocab,topik-vocab,workbook+topik
kv0041,주다,ju-da,to give,verb,1,verbs-actions,verbs-actions,bab15,bab15|test-level-1-2-practice|test-level-2-mock|test-intermediate-reading-3|test-intermediate-reading-1|test-topik-ii-level-3-practice-2|topik-core,bab15,bab,workbook+topik
kv0042,나다,na-da,to be born,verb,1,descriptions-qualities,descriptions-qualities,bab13,bab13|topik-core,bab13,bab,workbook+topik
kv0043,어머니,eo-meo-ni,mother,noun,1,family-relationships,family-relationships,bab11|bab15|bab20,topik1-vocab|bab11|bab15|bab20|topik-core,topik1-vocab,topik-vocab,workbook+topik
kv0044,뭐,mueo,what,pronoun,1,questions-pronouns,questions-pronouns|clothing-appearance,bab11|bab12|bab13|bab14|bab19|bab20,bab11|bab12|bab13|bab14|bab19|bab20|test-intermediate-1|test-level-1-2-practice|test-level-2-mock|topik-core,bab11,bab,workbook+topik
kv0045,다음,da-eum,next,determiner,1,questions-pronouns,questions-pronouns,bab07|bab09|bab11|bab13|bab15|bab17|bab18|bab20,bab07|bab09|bab11|bab13|bab15|bab17|bab18|bab20|test-reading-skills-set|test-reading-20|test-intermediate-reading-3|test-intermediate-reading-1|test-topik-ii-level-3-practice-2|topik-core,bab07,bab,workbook+topik
kv0046,누구,nu-gu,who,pronoun,1,questions-pronouns,questions-pronouns,bab11|bab20,topik1-vocab|bab11|bab20|topik-core,topik1-vocab,topik-vocab,workbook+topik
kv0047,여러,yeo-reo,"many, various",determiner,1,descriptions-qualities,descriptions-qualities,bab18,bab18|topik-core,bab18,bab,workbook+topik
kv0048,하나,ha-na,one,numeral,1,numbers-counters,numbers-counters,bab09,topik1-vocab|bab09|test-topik-ii-level-3-practice-2|topik-core,topik1-vocab,topik-vocab,workbook+topik
kv0049,위,ui,top / above,noun,1,transport-directions,transport-directions,bab07,bab07|test-reading-skills-set|test-intermediate-advanced-2|test-intermediate-reading-3|test-intermediate-reading-1|test-topik-ii-level-3-practice-2|topik-core,bab07,bab,workbook+topik
kv0050,운동,un-dong,exercise / sport,noun,1,hobbies-sports,hobbies-sports,bab03|bab04|bab05|bab06|bab10|bab20,topik2-level4-vocab|bab03|bab04|bab05|bab06|bab10|bab20|test-intermediate-1|test-level-1-2-practice|test-level-2-mock|test-level-2-practice|test-reading-skills-set|test-reading-20|test-intermediate-advanced-2|test-intermediate-reading-3|test-intermediate-reading-1|test-topik-ii-level-3-practice-2|topik-core,topik2-level4-vocab,topik-vocab,workbook+topik
kv0051,학교,hak-gyo,school,noun,1,school-study,school-study,bab03|bab04|bab06|bab07|bab12|bab15|bab16|bab17|bab20,topik1-vocab|bab03|bab04|bab06|bab07|bab12|bab15|bab16|bab17|bab20|test-intermediate-1|test-level-1-2-practice|test-level-2-mock|test-level-2-practice|test-reading-skills-set|test-reading-20|test-topik-ii-level-3-practice-2|topik-core,topik1-vocab,topik-vocab,workbook+topik
kv0052,시작하다,si-jak-ha-da,to start / begin,verb,1,time-calendar,time-calendar,bab09,bab09|test-level-1-2-practice|test-intermediate-advanced-2|test-intermediate-reading-3|test-topik-ii-level-3-practice-2|topik-core,bab09,bab,workbook+topik
kv0053,어느,eo-neu,which,determiner,1,questions-pronouns,questions-pronouns,bab19,topik1-vocab|bab19|topik-core,topik1-vocab,topik-vocab,workbook+topik
kv0054,그래서,geu-rae-seo,so / therefore,conjunction,1,adverbs-connectors,adverbs-connectors,bab11|bab12|bab13|bab18|bab19|bab20,bab11|bab12|bab13|bab18|bab19|bab20|test-intermediate-1|test-level-1-2-practice|test-level-2-mock|test-level-2-practice|test-reading-20|test-topik-ii-level-3-practice-2|topik-core,bab11,bab,workbook+topik
kv0055,번,beon,"number, how many times",dependent noun,1,numbers-counters,numbers-counters|time-calendar|descriptions-qualities,bab18,bab18|test-level-2-mock|topik-core,bab18,bab,workbook+topik
kv0056,돈,don,money,noun,1,shopping-money,shopping-money,bab11|bab12,topik1-vocab|bab11|bab12|test-reading-20|topik-core,topik1-vocab,topik-vocab,workbook+topik
kv0057,그런데,geu-reon-de,but / by the way,conjunction,1,adverbs-connectors,adverbs-connectors,bab19,bab19|topik-core,bab19,bab,workbook+topik
kv0058,여기,yeo-gi,here,pronoun,1,questions-pronouns,questions-pronouns,bab15|bab16,bab15|bab16|topik-core,bab15,bab,workbook+topik
kv0059,모두,mo-du,all / everyone,adverb/pronoun,1,verbs-actions,verbs-actions,bab11|bab15,bab11|bab15|test-level-2-mock|test-level-2-practice|test-reading-20|test-topik-ii-level-3-practice-2|topik-core,bab11,bab,workbook+topik
kv0060,친구,chin-gu,friend,noun,1,family-relationships,family-relationships|time-calendar,bab04|bab06|bab08|bab12|bab13|bab14|bab17|bab20,topik1-vocab|bab04|bab06|bab08|bab12|bab13|bab14|bab17|bab20|test-intermediate-1|test-level-1-2-practice|test-level-2-mock|test-level-2-practice|test-reading-skills-set|test-reading-20|test-intermediate-advanced-2|test-intermediate-reading-3|test-intermediate-reading-1|test-topik-ii-level-3-practice-2|topik-core,topik1-vocab,topik-vocab,workbook+topik
kv0061,아버지,a-beo-ji,father,noun,1,family-relationships,family-relationships,bab11|bab15|bab17|bab20,topik1-vocab|bab11|bab15|bab17|bab20|topik-core,topik1-vocab,topik-vocab,workbook+topik
kv0062,왜,oae,why,adverb,1,questions-pronouns,questions-pronouns,bab12|bab16,topik1-vocab|bab12|bab16|test-intermediate-1|test-level-1-2-practice|test-level-2-mock|test-level-2-practice|test-reading-skills-set|test-reading-20|test-intermediate-advanced-2|test-topik-ii-level-3-practice-2|topik-core,topik1-vocab,topik-vocab,workbook+topik
kv0063,물,mul,water,noun,1,food-drink,food-drink,bab02|bab05|bab20,topik1-vocab|bab02|bab05|bab20|test-level-2-mock|test-intermediate-reading-3|topik-core,topik1-vocab,topik-vocab,workbook+topik
kv0064,만나다,man-na-da,to meet,verb,1,verbs-actions,verbs-actions,bab04|bab11|bab12|bab17,topik1-vocab|bab04|bab11|bab12|bab17|test-intermediate-1|test-level-2-mock|test-level-2-practice|test-reading-skills-set|test-reading-20|test-intermediate-advanced-2|test-intermediate-reading-3|test-intermediate-reading-1|test-topik-ii-level-3-practice-2|topik-core,topik1-vocab,topik-vocab,workbook+topik
kv0065,쓰다,sseu-da,to write / use,verb,1,communication-media,communication-media,bab12|bab17,topik1-vocab|bab12|bab17|test-intermediate-advanced-2|test-intermediate-reading-3|topik-core,topik1-vocab,topik-vocab,workbook+topik
kv0066,이것,i-geos,this thing,pronoun,1,questions-pronouns,questions-pronouns,bab02|bab06,bab02|bab06|topik-core,bab02,bab,workbook+topik
kv0067,이번,i-beon,this / this time,determiner,1,time-calendar,time-calendar,bab08|bab13|bab14|bab17|bab18|bab19|bab20,bab08|bab13|bab14|bab17|bab18|bab19|bab20|test-intermediate-1|test-intermediate-advanced-2|test-topik-ii-level-3-practice-2|topik-core,bab08,bab,workbook+topik
kv0068,길,gil,road / way,noun,1,transport-directions,transport-directions,bab17|bab18,bab17|bab18|test-level-2-mock|test-intermediate-reading-3|topik-core,bab17,bab,workbook+topik
kv0069,생활,saeng-hoal,"lifestyle, livelihood",noun,1,general-core,general-core,bab18,topik2-level3-vocab|bab18|test-intermediate-reading-3|test-topik-ii-level-3-practice-2|topik-core,topik2-level3-vocab,topik-vocab,workbook+topik
kv0070,지금,ji-geum,now,noun/adverb,1,verbs-actions,verbs-actions,bab04|bab05|bab06|bab09|bab11|bab12|bab13|bab15|bab18|bab19|bab20,topik1-vocab|bab04|bab05|bab06|bab09|bab11|bab12|bab13|bab15|bab18|bab19|bab20|test-level-1-2-practice|test-level-2-mock|test-level-2-practice|test-reading-20|test-intermediate-advanced-2|test-intermediate-reading-3|test-intermediate-reading-1|test-topik-ii-level-3-practice-2|topik-core,topik1-vocab,topik-vocab,workbook+topik
kv0071,앉다,anj-da,to sit,verb,1,daily-life-actions,daily-life-actions,bab03|bab15,topik1-vocab|bab03|bab15|topik-core,topik1-vocab,topik-vocab,workbook+topik
kv0072,처음,cheo-eum,first / beginning,noun/adverb,1,verbs-actions,verbs-actions,bab19,bab19|test-level-2-practice|test-intermediate-reading-3|test-intermediate-reading-1|topik-core,bab19,bab,workbook+topik
kv0073,몇,myeoch,how many / what number,determiner,1,questions-pronouns,questions-pronouns|clothing-appearance|descriptions-qualities,bab07|bab08|bab09|bab11,topik1-vocab|bab07|bab08|bab09|bab11|test-level-1-2-practice|test-level-2-mock|test-reading-skills-set|test-reading-20|test-intermediate-advanced-2|topik-core,topik1-vocab,topik-vocab,workbook+topik
kv0074,시,si,city,dependent noun,1,general-core,general-core,bab09|bab10|bab11|bab17,topik1-vocab|bab09|bab10|bab11|bab17|test-intermediate-1|test-level-1-2-practice|test-level-2-mock|test-level-2-practice|test-reading-skills-set|test-reading-20|test-intermediate-advanced-2|test-intermediate-reading-3|test-intermediate-reading-1|test-topik-ii-level-3-practice-2|topik-core,topik1-vocab,topik-vocab,workbook+topik
kv0075,이야기,i-ya-gi,"conversation, talk",noun,1,communication-media,communication-media,bab06|bab20,bab06|bab20|test-level-2-practice|test-intermediate-advanced-2|test-intermediate-reading-3|topik-core,bab06,bab,workbook+topik
kv0076,사다,sa-da,to buy,verb,1,shopping-money,shopping-money,bab04|bab11|bab15|bab20,bab04|bab11|bab15|bab20|test-intermediate-1|test-reading-skills-set|test-reading-20|test-intermediate-advanced-2|test-intermediate-reading-3|test-intermediate-reading-1|topik-core,bab04,bab,workbook+topik
kv0077,잡다,jap-da,"to seize, catch",verb,1,animals-nature,animals-nature,bab05,bab05|test-intermediate-1|test-level-2-practice|test-reading-skills-set|test-intermediate-advanced-2|test-topik-ii-level-3-practice-2|topik-core,bab05,bab,workbook+topik
kv0078,같이,gat-i,together,adverb,1,verbs-actions,verbs-actions,bab01|bab02|bab03|bab04|bab05|bab06|bab07|bab08|bab09|bab10|bab11|bab12|bab13|bab14|bab15|bab16|bab17|bab18|bab19|bab20,topik1-vocab|bab01|bab02|bab03|bab04|bab05|bab06|bab07|bab08|bab09|bab10|bab11|bab12|bab13|bab14|bab15|bab16|bab17|bab18|bab19|bab20|test-intermediate-1|test-level-2-practice|test-intermediate-advanced-2|test-intermediate-reading-1|test-topik-ii-level-3-practice-2|topik-core,topik1-vocab,topik-vocab,workbook+topik
kv0079,선생님,seon-saeng-nim,teacher,noun,1,people-occupations,people-occupations|school-study|food-drink,bab01|bab02|bab06|bab08|bab11|bab13|bab17|bab20,topik1-vocab|bab01|bab02|bab06|bab08|bab11|bab13|bab17|bab20|test-level-2-practice|test-reading-20|topik-core,topik1-vocab,topik-vocab,workbook+topik
kv0080,못,mos,cannot,adverb,1,verbs-actions,verbs-actions,bab12|bab16|bab18|bab19,bab12|bab16|bab18|bab19|test-intermediate-1|test-level-2-mock|test-level-2-practice|test-intermediate-advanced-2|test-intermediate-reading-1|topik-core,bab12,bab,workbook+topik
kv0081,읽다,ilk-da,to read,verb,1,communication-media,communication-media,bab03|bab04|bab06|bab11|bab13|bab15|bab20,topik1-vocab|bab03|bab04|bab06|bab11|bab13|bab15|bab20|test-level-1-2-practice|test-level-2-mock|test-reading-skills-set|test-reading-20|test-intermediate-advanced-2|test-intermediate-reading-3|test-intermediate-reading-1|test-topik-ii-level-3-practice-2|topik-core,topik1-vocab,topik-vocab,workbook+topik
kv0082,이제,i-je,now,adverb,1,verbs-actions,verbs-actions,bab11,bab11|topik-core,bab11,bab,workbook+topik
kv0083,물론,mul-ron,of course,adverb,1,verbs-actions,verbs-actions,bab12,bab12|topik-core,bab12,bab,workbook+topik
kv0084,책,chaek,book,noun,1,general-core,general-core,bab02|bab03|bab04|bab05|bab06|bab11|bab13|bab20,bab02|bab03|bab04|bab05|bab06|bab11|bab13|bab20|test-intermediate-1|test-level-1-2-practice|test-level-2-mock|test-level-2-practice|test-reading-skills-set|test-reading-20|test-intermediate-advanced-2|test-intermediate-reading-3|test-topik-ii-level-3-practice-2|topik-core,bab02,bab,workbook+topik
kv0085,일어나다,il-eo-na-da,to get up / occur,verb,1,verbs-actions,verbs-actions,bab11,topik1-vocab|bab11|test-level-1-2-practice|test-level-2-mock|test-level-2-practice|test-reading-skills-set|test-intermediate-reading-1|topik-core,topik1-vocab,topik-vocab,workbook+topik
kv0086,시장,si-jang,market,noun,1,places-buildings,places-buildings,bab04|bab05|bab08|bab11|bab15|bab16,topik1-vocab|bab04|bab05|bab08|bab11|bab15|bab16|test-reading-skills-set|topik-core,topik1-vocab,topik-vocab,workbook+topik
kv0087,무슨,mu-seun,what / what kind of,determiner,1,questions-pronouns,questions-pronouns|clothing-appearance,bab05|bab07|bab10|bab12|bab13|bab14|bab16,bab05|bab07|bab10|bab12|bab13|bab14|bab16|test-level-1-2-practice|test-level-2-mock|topik-core,bab05,bab,workbook+topik
kv0088,어렵다,eo-ryeop-da,to be difficult,adjective,1,descriptions-qualities,descriptions-qualities,bab05|bab06|bab19|bab20,topik1-vocab|bab05|bab06|bab19|bab20|test-intermediate-1|test-level-1-2-practice|test-level-2-mock|test-level-2-practice|test-intermediate-advanced-2|test-intermediate-reading-3|test-topik-ii-level-3-practice-2|topik-core,topik1-vocab,topik-vocab,workbook+topik
kv0089,너무,neo-mu,too / very,adverb,1,adverbs-connectors,adverbs-connectors,bab12|bab17|bab19,bab12|bab17|bab19|test-level-2-practice|test-intermediate-advanced-2|test-intermediate-reading-3|topik-core,bab12,bab,workbook+topik
kv0090,학생,hak-saeng,student,noun,1,people-occupations,people-occupations,bab01|bab02|bab06|bab19,topik1-vocab|bab01|bab02|bab06|bab19|test-intermediate-1|test-level-1-2-practice|test-level-2-mock|test-reading-skills-set|test-reading-20|test-intermediate-advanced-2|test-intermediate-reading-3|topik-core,topik1-vocab,topik-vocab,workbook+topik
kv0091,이름,i-reum,name,noun,1,communication-media,communication-media,bab01|bab06|bab11,topik1-vocab|bab01|bab06|bab11|test-level-1-2-practice|test-reading-20|topik-core,topik1-vocab,topik-vocab,workbook+topik
kv0092,쉽다,suip-da,to be easy,adjective,1,descriptions-qualities,descriptions-qualities,bab05|bab06,topik1-vocab|bab05|bab06|test-intermediate-1|test-level-2-mock|test-level-2-practice|test-reading-skills-set|test-reading-20|test-intermediate-advanced-2|test-intermediate-reading-3|test-intermediate-reading-1|topik-core,topik1-vocab,topik-vocab,workbook+topik
kv0093,밖,bakk,outside,noun,1,transport-directions,transport-directions,bab07|bab18,bab07|bab18|test-level-2-practice|test-topik-ii-level-3-practice-2|topik-core,bab07,bab,workbook+topik
kv0094,작다,jak-da,to be small,adjective,1,descriptions-qualities,descriptions-qualities,bab05|bab06,topik1-vocab|bab05|bab06|test-intermediate-1|test-level-2-practice|topik-core,topik1-vocab,topik-vocab,workbook+topik
kv0095,타다,ta-da,to ride / take,verb,1,travel-movement,travel-movement,bab17,bab17|test-level-2-mock|test-level-2-practice|test-reading-20|test-intermediate-reading-3|test-intermediate-reading-1|test-topik-ii-level-3-practice-2|topik-core,bab17,bab,workbook+topik
kv0096,보내다,bo-nae-da,to send / spend (time),verb,1,time-calendar,time-calendar|daily-life-actions,bab13,bab13|test-intermediate-advanced-2|topik-core,bab13,bab,workbook+topik
kv0097,아주,a-ju,very,adverb,1,adverbs-connectors,adverbs-connectors,bab11|bab12|bab13|bab16,bab11|bab12|bab13|bab16|test-level-2-mock|test-level-2-practice|test-reading-20|topik-core,bab11,bab,workbook+topik
kv0098,높다,nop-da,to be high,adjective,1,descriptions-qualities,descriptions-qualities,bab05,bab05|topik-core,bab05,bab,workbook+topik
kv0099,컴퓨터,keom-pyu-teo,computer,noun,1,general-core,general-core,bab02|bab03|bab04|bab06|bab07|bab15|bab18|bab20,bab02|bab03|bab04|bab06|bab07|bab15|bab18|bab20|topik-core,bab02,bab,workbook+topik
kv0100,얼마나,eol-ma-na,how much / how long,adverb,1,descriptions-qualities,descriptions-qualities,bab16|bab17|bab18|bab19,bab16|bab17|bab18|bab19|test-level-1-2-practice|topik-core,bab16,bab,workbook+topik
kv0101,열다,yeol-da,to open,verb,1,daily-life-actions,daily-life-actions,bab17,bab17|test-intermediate-1|test-level-1-2-practice|test-level-2-mock|test-level-2-practice|test-reading-skills-set|test-intermediate-advanced-2|test-intermediate-reading-3|test-intermediate-reading-1|test-topik-ii-level-3-practice-2|topik-core,bab17,bab,workbook+topik
kv0102,머리,meo-ri,head / hair,noun,1,clothing-appearance,clothing-appearance|body-health,bab19,bab19|topik-core,bab19,bab,workbook+topik
kv0103,아,a,oh dear,interjection,1,body-health,body-health,bab03|bab05|bab17|bab20,bab03|bab05|bab17|bab20|test-level-2-practice|test-intermediate-advanced-2|topik-core,bab03,bab,workbook+topik
kv0104,기다리다,gi-da-ri-da,to wait,verb,1,travel-movement,travel-movement,bab17,bab17|test-intermediate-reading-1|test-topik-ii-level-3-practice-2|topik-core,bab17,bab,workbook+topik
kv0105,분,bun,minute / person (honorific),dependent noun,1,people-occupations,people-occupations|time-calendar,bab09|bab16|bab19,topik1-vocab|bab09|bab16|bab19|test-intermediate-1|test-level-1-2-practice|test-intermediate-reading-3|test-intermediate-reading-1|topik-core,topik1-vocab,topik-vocab,workbook+topik
kv0106,오늘,o-neul,today,noun,1,time-calendar,time-calendar,bab04|bab06|bab08|bab11|bab12|bab13|bab14|bab15|bab16|bab17,topik1-vocab|bab04|bab06|bab08|bab11|bab12|bab13|bab14|bab15|bab16|bab17|test-intermediate-1|test-level-1-2-practice|test-level-2-mock|test-level-2-practice|test-reading-skills-set|test-reading-20|test-intermediate-advanced-2|test-intermediate-reading-3|test-intermediate-reading-1|test-topik-ii-level-3-practice-2|topik-core,topik1-vocab,topik-vocab,workbook+topik
kv0107,방,bang,room,noun,1,places-buildings,places-buildings|home-household,bab05|bab07|bab11|bab18,bab05|bab07|bab11|bab18|test-intermediate-1|test-intermediate-advanced-2|topik-core,bab05,bab,workbook+topik
kv0108,아침,a-chim,morning / breakfast,noun,1,time-calendar,time-calendar,bab10|bab11|bab12|bab13|bab15|bab18,topik1-vocab|bab10|bab11|bab12|bab13|bab15|bab18|test-intermediate-1|test-level-1-2-practice|test-level-2-mock|test-level-2-practice|test-reading-skills-set|test-reading-20|test-intermediate-reading-3|test-intermediate-reading-1|test-topik-ii-level-3-practice-2|topik-core,topik1-vocab,topik-vocab,workbook+topik
kv0109,아름답다,a-reum-dap-da,to be beautiful,adjective,1,clothing-appearance,clothing-appearance|descriptions-qualities,bab13,bab13|topik-core,bab13,bab,workbook+topik
kv0110,영화,yeong-hoa,movie / film,noun,1,hobbies-sports,hobbies-sports,bab04|bab05|bab12|bab13|bab14|bab15|bab20,bab04|bab05|bab12|bab13|bab14|bab15|bab20|test-intermediate-1|test-level-1-2-practice|test-level-2-mock|test-level-2-practice|test-reading-20|test-intermediate-reading-3|test-topik-ii-level-3-practice-2|topik-core,bab04,bab,workbook+topik
kv0111,정말,jeong-mal,really,adverb,1,verbs-actions,verbs-actions,bab17|bab19,bab17|bab19|test-level-2-mock|test-level-2-practice|test-topik-ii-level-3-practice-2|topik-core,bab17,bab,workbook+topik
kv0112,밥,bap,cooked rice / meal,noun,1,people-occupations,people-occupations|food-drink,bab03|bab10|bab11|bab20,topik1-vocab|bab03|bab10|bab11|bab20|test-level-2-practice|test-reading-skills-set|test-topik-ii-level-3-practice-2|topik-core,topik1-vocab,topik-vocab,workbook+topik
kv0113,입다,ip-da,to wear (clothes),verb,1,clothing-appearance,clothing-appearance|body-health,bab05|bab15,bab05|bab15|test-intermediate-1|test-level-1-2-practice|test-level-2-mock|test-level-2-practice|test-intermediate-advanced-2|test-intermediate-reading-3|test-intermediate-reading-1|test-topik-ii-level-3-practice-2|topik-core,bab05,bab,workbook+topik
kv0114,네,ne,yes,interjection,1,general-core,general-core,bab01|bab02|bab04|bab05|bab06|bab07|bab11|bab12|bab13|bab14|bab15|bab16|bab18|bab19,topik1-vocab|bab01|bab02|bab04|bab05|bab06|bab07|bab11|bab12|bab13|bab14|bab15|bab16|bab18|bab19|test-intermediate-1|test-level-1-2-practice|test-level-2-mock|test-reading-skills-set|test-intermediate-advanced-2|topik-core,topik1-vocab,topik-vocab,workbook+topik
kv0115,그림,geu-rim,picture / drawing,noun,1,hobbies-sports,hobbies-sports,bab06|bab12|bab20,bab06|bab12|bab20|test-reading-20|topik-core,bab06,bab,workbook+topik
kv0116,마시다,ma-si-da,to drink,verb,1,daily-life-actions,daily-life-actions,bab03|bab08|bab11|bab14|bab15|bab20,topik1-vocab|bab03|bab08|bab11|bab14|bab15|bab20|test-intermediate-1|test-level-2-practice|test-reading-20|test-intermediate-reading-3|test-intermediate-reading-1|topik-core,topik1-vocab,topik-vocab,workbook+topik
kv0117,치다,chi-da,"to attack, assault",verb,1,verbs-actions,verbs-actions,bab12,bab12|test-topik-ii-level-3-practice-2|topik-core,bab12,bab,workbook+topik
kv0118,혼자,hon-ja,alone,adverb,1,adverbs-connectors,adverbs-connectors,bab18|bab19,bab18|bab19|test-intermediate-1|test-intermediate-reading-1|topik-core,bab18,bab,workbook+topik
kv0119,술,sul,alcohol / alcoholic drink,noun,1,food-drink,food-drink,bab12|bab18|bab20,bab12|bab18|bab20|topik-core,bab12,bab,workbook+topik
kv0120,전화,jeon-hoa,telephone,noun,1,communication-media,communication-media,bab03|bab20,bab03|bab20|test-level-2-practice|test-intermediate-advanced-2|test-topik-ii-level-3-practice-2|topik-core,bab03,bab,workbook+topik
kv0121,끝나다,ggeut-na-da,to end / finish,verb,1,time-calendar,time-calendar,bab09|bab19,bab09|bab19|test-intermediate-1|test-intermediate-reading-3|test-topik-ii-level-3-practice-2|topik-core,bab09,bab,workbook+topik
kv0122,커피,keo-pi,coffee,noun,1,food-drink,food-drink,bab02|bab03|bab05|bab06|bab11|bab14|bab15|bab20,topik1-vocab|bab02|bab03|bab05|bab06|bab11|bab14|bab15|bab20|test-intermediate-1|test-level-1-2-practice|test-level-2-mock|test-level-2-practice|test-reading-20|test-intermediate-reading-3|topik-core,topik1-vocab,topik-vocab,workbook+topik
kv0123,길다,gil-da,to be long,adjective,1,descriptions-qualities,descriptions-qualities,bab05,bab05|test-level-1-2-practice|test-reading-20|test-intermediate-reading-3|test-topik-ii-level-3-practice-2|topik-core,bab05,bab,workbook+topik
kv0124,회사,hoi-sa,a company,noun,1,general-core,general-core,bab03|bab04,topik1-vocab|topik2-level3-vocab|topik2-level4-vocab|bab03|bab04|test-level-2-mock|test-level-2-practice|test-reading-skills-set|test-reading-20|test-intermediate-advanced-2|test-intermediate-reading-1|test-topik-ii-level-3-practice-2|topik-core,topik1-vocab,topik-vocab,workbook+topik
kv0125,음식,eum-sik,food,noun,1,food-drink,food-drink,bab05|bab10|bab12|bab17|bab18|bab20,topik2-level3-vocab|bab05|bab10|bab12|bab17|bab18|bab20|test-intermediate-1|test-level-1-2-practice|test-level-2-mock|test-level-2-practice|test-reading-skills-set|test-reading-20|test-intermediate-advanced-2|test-intermediate-reading-3|test-intermediate-reading-1|test-topik-ii-level-3-practice-2|topik-core,topik2-level3-vocab,topik-vocab,workbook+topik
kv0126,요즘,yo-jeum,"recently, nowadays",noun,1,time-calendar,time-calendar,bab12|bab16|bab18|bab19,bab12|bab16|bab18|bab19|test-intermediate-reading-3|test-intermediate-reading-1|test-topik-ii-level-3-practice-2|topik-core,bab12,bab,workbook+topik
kv0127,가족,ga-jok,family,noun,1,family-relationships,family-relationships,bab11,topik1-vocab|bab11|test-intermediate-1|test-reading-20|test-intermediate-reading-3|topik-core,topik1-vocab,topik-vocab,workbook+topik
kv0128,세,se,three,determiner,1,questions-pronouns,questions-pronouns,bab09|bab15,bab09|bab15|test-level-1-2-practice|test-reading-20|topik-core,bab09,bab,workbook+topik
kv0129,차,cha,tea,noun,1,food-drink,food-drink,bab14|bab20,topik1-vocab|bab14|bab20|test-intermediate-1|test-level-2-mock|test-level-2-practice|topik-core,topik1-vocab,topik-vocab,workbook+topik
kv0130,놀다,nol-da,to play / hang out,verb,1,verbs-actions,verbs-actions,bab17,bab17|topik-core,bab17,bab,workbook+topik
kv0131,나이,na-i,age,noun,1,general-core,general-core,bab11,topik1-vocab|bab11|topik-core,topik1-vocab,topik-vocab,workbook+topik
kv0132,좋아하다,joh-a-ha-da,to like,verb,1,feelings-emotions,feelings-emotions,bab06|bab10|bab11|bab15|bab19,topik1-vocab|bab06|bab10|bab11|bab15|bab19|test-intermediate-1|test-level-1-2-practice|test-level-2-mock|test-level-2-practice|test-reading-20|test-intermediate-reading-3|test-topik-ii-level-3-practice-2|topik-core,topik1-vocab,topik-vocab,workbook+topik
kv0133,그리다,geu-ri-da,to draw,verb,1,verbs-actions,verbs-actions,bab06|bab20,bab06|bab20|topik-core,bab06,bab,workbook+topik
kv0134,배우다,bae-u-da,to learn,verb,1,school-study,school-study|body-health,bab03|bab04|bab06|bab14,topik1-vocab|bab03|bab04|bab06|bab14|test-intermediate-1|test-level-2-mock|test-reading-skills-set|test-intermediate-reading-3|topik-core,topik1-vocab,topik-vocab,workbook+topik
kv0135,옆,yeop,side / next to,noun,1,general-core,general-core,bab07|bab13,bab07|bab13|test-intermediate-1|topik-core,bab07,bab,workbook+topik
kv0136,어,eo,"oh, well, why",interjection,1,general-core,general-core,bab05|bab17,bab05|bab17|test-level-1-2-practice|test-level-2-mock|test-intermediate-advanced-2|topik-core,bab05,bab,workbook+topik
kv0137,아래,a-rae,below / underneath,noun,1,transport-directions,transport-directions|descriptions-qualities,bab07,bab07|topik-core,bab07,bab,workbook+topik
kv0138,그럼,geu-reom,certainly or of course,adverb,1,verbs-actions,verbs-actions,bab15,bab15|topik-core,bab15,bab,workbook+topik
kv0139,배,bae,stomach / boat / pear,noun,1,transport-directions,transport-directions|body-health,bab07|bab16|bab17|bab18,bab07|bab16|bab17|bab18|topik-core,bab07,bab,workbook+topik
kv0140,산,san,mountain,noun,1,animals-nature,animals-nature,bab07|bab17|bab18|bab20,bab07|bab17|bab18|bab20|test-intermediate-reading-3|test-intermediate-reading-1|topik-core,bab07,bab,workbook+topik
kv0141,꽃,ggoch,flower,noun,1,animals-nature,animals-nature|descriptions-qualities,bab11|bab13|bab15,bab11|bab13|bab15|test-level-2-practice|topik-core,bab11,bab,workbook+topik
kv0142,노래,no-rae,song,noun,1,hobbies-sports,hobbies-sports,bab06|bab12|bab17|bab20,bab06|bab12|bab17|bab20|topik-core,bab06,bab,workbook+topik
kv0143,바다,ba-da,sea / ocean,noun,1,animals-nature,animals-nature,bab10|bab13|bab14|bab18,bab10|bab13|bab14|bab18|topik-core,bab10,bab,workbook+topik
kv0144,공부,gong-bu,study,noun,1,school-study,school-study,bab06|bab10,bab06|bab10|test-intermediate-1|test-level-1-2-practice|test-level-2-mock|test-level-2-practice|test-reading-skills-set|test-reading-20|test-intermediate-advanced-2|test-intermediate-reading-3|test-topik-ii-level-3-practice-2|topik-core,bab06,bab,workbook+topik
kv0145,언니,eon-ni,older sister (female speaker),noun,1,family-relationships,family-relationships|communication-media,bab11,topik1-vocab|bab11|topik-core,topik1-vocab,topik-vocab,workbook+topik
kv0146,불,bul,fire; a light/lamp,noun,1,descriptions-qualities,descriptions-qualities,bab13,bab13|test-level-2-mock|test-intermediate-advanced-2|test-intermediate-reading-3|test-topik-ii-level-3-practice-2|topik-core,bab13,bab,workbook+topik
kv0147,신문,sin-mun,newspaper,noun,1,communication-media,communication-media,bab03|bab11|bab12|bab20,bab03|bab11|bab12|bab20|test-intermediate-advanced-2|topik-core,bab03,bab,workbook+topik
kv0148,기분,gi-bun,mood,noun,1,general-core,general-core,bab12|bab20,bab12|bab20|test-intermediate-reading-3|topik-core,bab12,bab,workbook+topik
kv0149,옷,os,clothes,noun,1,clothing-appearance,clothing-appearance,bab13|bab15|bab18|bab20,bab13|bab15|bab18|bab20|test-intermediate-1|test-reading-skills-set|test-intermediate-reading-1|test-topik-ii-level-3-practice-2|topik-core,bab13,bab,workbook+topik
kv0150,할머니,hal-meo-ni,grandmother,noun,1,family-relationships,family-relationships,bab11|bab20,topik1-vocab|bab11|bab20|topik-core,topik1-vocab,topik-vocab,workbook+topik
kv0151,이야기하다,i-ya-gi-ha-da,to talk / tell a story,verb,1,communication-media,communication-media,bab06|bab08|bab20,bab06|bab08|bab20|test-reading-skills-set|test-intermediate-advanced-2|test-intermediate-reading-3|test-intermediate-reading-1|topik-core,bab06,bab,workbook+topik
kv0152,자다,ja-da,to sleep,verb,1,daily-life-actions,daily-life-actions,bab06|bab09|bab11|bab15|bab20,topik1-vocab|bab06|bab09|bab11|bab15|bab20|topik-core,topik1-vocab,topik-vocab,workbook+topik
kv0153,빨리,bbal-ri,quickly,adverb,1,adverbs-connectors,adverbs-connectors,bab15,topik1-vocab|bab15|test-intermediate-1|test-intermediate-advanced-2|test-intermediate-reading-3|topik-core,topik1-vocab,topik-vocab,workbook+topik
kv0154,둘,dul,"two; bi, couple, dyad",numeral,1,numbers-counters,numbers-counters,bab09,topik1-vocab|bab09|topik-core,topik1-vocab,topik-vocab,workbook+topik
kv0155,살,sal,years old,dependent noun,1,time-calendar,time-calendar|body-health,bab13|bab20,bab13|bab20|test-level-1-2-practice|test-intermediate-advanced-2|test-intermediate-reading-1|topik-core,bab13,bab,workbook+topik
kv0156,아프다,a-peu-da,to hurt / be sick,adjective,1,body-health,body-health,bab12|bab16|bab19|bab20,bab12|bab16|bab19|bab20|topik-core,bab12,bab,workbook+topik
kv0157,적다,jeok-da,to be few / little,adjective,1,descriptions-qualities,descriptions-qualities,bab05,topik1-vocab|bab05|test-level-2-mock|test-intermediate-advanced-2|test-intermediate-reading-3|test-intermediate-reading-1|topik-core,topik1-vocab,topik-vocab,workbook+topik
kv0158,고향,go-hyang,hometown,noun,1,places-buildings,places-buildings|home-household,bab12|bab13|bab20,bab12|bab13|bab20|topik-core,bab12,bab,workbook+topik
kv0159,은행,eun-haeng,bank,noun,1,places-buildings,places-buildings,bab04|bab07,topik1-vocab|bab04|bab07|test-intermediate-1|test-level-2-mock|test-intermediate-reading-3|topik-core,topik1-vocab,topik-vocab,workbook+topik
kv0160,동생,dong-saeng,younger sibling,noun,1,family-relationships,family-relationships,bab11|bab12|bab13,bab11|bab12|bab13|topik-core,bab11,bab,workbook+topik
kv0161,오후,o-hu,the afternoon,noun,1,general-core,general-core,bab09,topik1-vocab|bab09|test-intermediate-1|test-level-1-2-practice|test-level-2-mock|test-level-2-practice|test-reading-skills-set|test-intermediate-reading-3|test-intermediate-reading-1|test-topik-ii-level-3-practice-2|topik-core,topik1-vocab,topik-vocab,workbook+topik
kv0162,달,dal,a month,dependent noun,1,time-calendar,time-calendar,bab13|bab20,bab13|bab20|topik-core,bab13,bab,workbook+topik
kv0163,참,cham,"really, truly",adverb,1,verbs-actions,verbs-actions,bab19,bab19|test-intermediate-reading-3|topik-core,bab19,bab,workbook+topik
kv0164,병원,byeong-ueon,hospital,noun,1,places-buildings,places-buildings,bab04|bab08|bab18,topik1-vocab|bab04|bab08|bab18|test-intermediate-1|test-level-2-mock|test-reading-skills-set|test-intermediate-advanced-2|test-intermediate-reading-3|test-topik-ii-level-3-practice-2|topik-core,topik1-vocab,topik-vocab,workbook+topik
kv0165,경찰,gyeong-chal,police officer,noun,1,people-occupations,people-occupations,bab01|bab02|bab11,topik1-vocab|bab01|bab02|bab11|topik-core,topik1-vocab,topik-vocab,workbook+topik
kv0166,그러면,geu-reo-myeon,then / in that case,conjunction,1,adverbs-connectors,adverbs-connectors|clothing-appearance,bab18|bab19|bab20,bab18|bab19|bab20|topik-core,bab18,bab,workbook+topik
kv0167,넓다,neolp-da,to be wide / spacious,adjective,1,descriptions-qualities,descriptions-qualities,bab05|bab06|bab13,bab05|bab06|bab13|topik-core,bab05,bab,workbook+topik
kv0168,시험,si-heom,exam / test,noun,1,school-study,school-study,bab08|bab09|bab19,topik2-level3-vocab|topik2-level4-vocab|bab08|bab09|bab19|test-intermediate-1|test-level-2-mock|test-level-2-practice|test-reading-20|test-intermediate-advanced-2|test-topik-ii-level-3-practice-2|topik-core,topik2-level3-vocab,topik-vocab,workbook+topik
kv0169,잠,jam,sleep,noun,1,general-core,general-core,bab06|bab09|bab20,bab06|bab09|bab20|test-intermediate-advanced-2|test-intermediate-reading-3|topik-core,bab06,bab,workbook+topik
kv0170,가깝다,ga-ggap-da,to be near / close,adjective,1,body-health,body-health|descriptions-qualities,bab05|bab20,bab05|bab20|test-level-2-practice|test-intermediate-advanced-2|test-topik-ii-level-3-practice-2|topik-core,bab05,bab,workbook+topik
kv0171,열심히,yeol-sim-hi,"enthusiastically, with zeal",adverb,1,communication-media,communication-media,bab15|bab17,bab15|bab17|test-level-2-mock|test-level-2-practice|test-intermediate-advanced-2|test-topik-ii-level-3-practice-2|topik-core,bab15,bab,workbook+topik
kv0172,일하다,il-ha-da,to work,verb,1,verbs-actions,verbs-actions,bab03|bab04|bab20,topik1-vocab|bab03|bab04|bab20|test-level-2-mock|test-reading-skills-set|topik-core,topik1-vocab,topik-vocab,workbook+topik
kv0173,조금,jo-geum,a little,adverb,1,adverbs-connectors,adverbs-connectors,bab04|bab05|bab11|bab15|bab16|bab17|bab18,topik1-vocab|bab04|bab05|bab11|bab15|bab16|bab17|bab18|test-intermediate-1|test-level-2-mock|test-level-2-practice|test-intermediate-advanced-2|test-intermediate-reading-3|test-intermediate-reading-1|test-topik-ii-level-3-practice-2|topik-core,topik1-vocab,topik-vocab,workbook+topik
kv0174,팀,tim,team,noun,1,food-drink,food-drink,bab01|bab02|bab03|bab04|bab05|bab06|bab07|bab09|bab10|bab11|bab12|bab13|bab14|bab15|bab17,bab01|bab02|bab03|bab04|bab05|bab06|bab07|bab09|bab10|bab11|bab12|bab13|bab14|bab15|bab17|topik-core,bab01,bab,workbook+topik
kv0175,할아버지,hal-a-beo-ji,grandfather,noun,1,family-relationships,family-relationships,bab11|bab20,topik1-vocab|bab11|bab20|topik-core,topik1-vocab,topik-vocab,workbook+topik
kv0176,재미있다,jae-mi-iss-da,to be fun / interesting,adjective,1,feelings-emotions,feelings-emotions|descriptions-qualities,bab05|bab06|bab19,topik1-vocab|bab05|bab06|bab19|test-intermediate-1|test-level-2-practice|test-intermediate-reading-3|test-topik-ii-level-3-practice-2|topik-core,topik1-vocab,topik-vocab,workbook+topik
kv0177,가르치다,ga-reu-chi-da,to teach,verb,1,school-study,school-study|food-drink,bab03|bab04|bab06|bab09|bab11|bab17|bab20,bab03|bab04|bab06|bab09|bab11|bab17|bab20|topik-core,bab03,bab,workbook+topik
kv0178,올해,ol-hae,this year,noun,1,time-calendar,time-calendar|body-health,bab17,bab17|topik-core,bab17,bab,workbook+topik
kv0179,형,hyeong,older brother (male speaker),noun,1,family-relationships,family-relationships|communication-media,bab11,topik1-vocab|bab11|topik-core,topik1-vocab,topik-vocab,workbook+topik
kv0180,멀다,meol-da,to be far,adjective,1,descriptions-qualities,descriptions-qualities,bab05,bab05|test-intermediate-1|topik-core,bab05,bab,workbook+topik
kv0181,버스,beo-seu,bus,noun,1,transport-directions,transport-directions,bab15|bab16|bab17,topik1-vocab|bab15|bab16|bab17|test-intermediate-1|test-level-1-2-practice|test-level-2-mock|test-level-2-practice|test-reading-20|test-intermediate-advanced-2|test-intermediate-reading-3|test-intermediate-reading-1|test-topik-ii-level-3-practice-2|topik-core,topik1-vocab,topik-vocab,workbook+topik
kv0182,사진,sa-jin,photograph,noun,1,hobbies-sports,hobbies-sports,bab06|bab10|bab14,bab06|bab10|bab14|topik-core,bab06,bab,workbook+topik
kv0183,아마,a-ma,probably,adverb,1,adverbs-connectors,adverbs-connectors,bab19,bab19|topik-core,bab19,bab,workbook+topik
kv0184,해,hae,a year,noun,1,time-calendar,time-calendar|body-health,bab17,bab17|test-intermediate-1|test-level-1-2-practice|test-level-2-mock|test-level-2-practice|test-intermediate-advanced-2|test-intermediate-reading-3|test-intermediate-reading-1|test-topik-ii-level-3-practice-2|topik-core,bab17,bab,workbook+topik
kv0185,여름,yeo-reum,summer,noun,1,weather-seasons,weather-seasons,bab05|bab06|bab09|bab10|bab14,bab05|bab06|bab09|bab10|bab14|test-level-2-practice|test-intermediate-reading-3|test-intermediate-reading-1|topik-core,bab05,bab,workbook+topik
kv0186,싫다,silh-da,to dislike / be unpleasant,adjective,1,feelings-emotions,feelings-emotions,bab05|bab10,bab05|bab10|test-topik-ii-level-3-practice-2|topik-core,bab05,bab,workbook+topik
kv0187,자동차,ja-dong-cha,car / automobile,noun,1,transport-directions,transport-directions,bab18,topik1-vocab|bab18|test-level-2-practice|test-intermediate-reading-3|test-topik-ii-level-3-practice-2|topik-core,topik1-vocab,topik-vocab,workbook+topik
kv0188,공부하다,gong-bu-ha-da,to study,verb,1,school-study,school-study,bab03|bab04|bab06|bab15,topik1-vocab|bab03|bab04|bab06|bab15|test-level-2-mock|test-level-2-practice|test-reading-skills-set|test-reading-20|test-intermediate-advanced-2|test-intermediate-reading-3|test-topik-ii-level-3-practice-2|topik-core,topik1-vocab,topik-vocab,workbook+topik
kv0189,닦다,dakk-da,to wipe / brush,verb,1,daily-life-actions,daily-life-actions,bab11,bab11|topik-core,bab11,bab,workbook+topik
kv0190,짧다,jjalp-da,to be short,adjective,1,descriptions-qualities,descriptions-qualities,bab05,bab05|test-intermediate-reading-3|test-topik-ii-level-3-practice-2|topik-core,bab05,bab,workbook+topik
kv0191,바쁘다,ba-bbeu-da,to be busy,adjective,1,transport-directions,transport-directions|descriptions-qualities,bab12|bab15|bab16|bab20,bab12|bab15|bab16|bab20|test-level-1-2-practice|test-topik-ii-level-3-practice-2|topik-core,bab12,bab,workbook+topik
kv0192,나쁘다,na-bbeu-da,to be bad,adjective,1,descriptions-qualities,descriptions-qualities,bab12,topik1-vocab|bab12|test-intermediate-advanced-2|test-intermediate-reading-3|topik-core,topik1-vocab,topik-vocab,workbook+topik
kv0193,게임,ge-im,game,noun,1,hobbies-sports,hobbies-sports,bab06|bab18|bab20,bab06|bab18|bab20|topik-core,bab06,bab,workbook+topik
kv0194,잔,jan,"a cup, wine glass",noun,1,numbers-counters,numbers-counters|food-drink,bab15|bab16,bab15|bab16|topik-core,bab15,bab,workbook+topik
kv0195,언제,eon-je,when,pronoun,1,questions-pronouns,questions-pronouns,bab08|bab09|bab11|bab19|bab20,topik1-vocab|bab08|bab09|bab11|bab19|bab20|test-level-1-2-practice|test-level-2-mock|test-reading-skills-set|test-topik-ii-level-3-practice-2|topik-core,topik1-vocab,topik-vocab,workbook+topik
kv0196,손님,son-nim,customer,noun,1,general-core,general-core,bab17|bab18|bab20,bab17|bab18|bab20|test-intermediate-1|topik-core,bab17,bab,workbook+topik
kv0197,수업,su-eop,class / lesson,noun,1,school-study,school-study,bab08|bab20,topik2-level3-vocab|bab08|bab20|test-reading-skills-set|topik-core,topik2-level3-vocab,topik-vocab,workbook+topik
kv0198,겨울,gyeo-ul,winter,noun,1,weather-seasons,weather-seasons,bab05|bab06|bab17,bab05|bab06|bab17|test-level-2-practice|test-reading-20|test-intermediate-reading-3|topik-core,bab05,bab,workbook+topik
kv0199,층,cheung,"floor, grade, class",noun,1,numbers-counters,numbers-counters|school-study,bab08,bab08|topik-core,bab08,bab,workbook+topik
kv0200,장,jang,one piece of sth flat,dependent noun,1,numbers-counters,numbers-counters,bab15,bab15|test-intermediate-1|test-level-2-practice|test-reading-20|test-intermediate-reading-3|topik-core,bab15,bab,workbook+topik
kv0201,식사,sik-sa,meal,noun,1,food-drink,food-drink,bab18,bab18|test-intermediate-advanced-2|test-intermediate-reading-3|test-topik-ii-level-3-practice-2|topik-core,bab18,bab,workbook+topik
kv0202,텔레비전,tel-re-bi-jeon,television,noun,1,hobbies-sports,hobbies-sports,bab03|bab05|bab06|bab14|bab20,bab03|bab05|bab06|bab14|bab20|topik-core,bab03,bab,workbook+topik
kv0203,씻다,ssis-da,to wash,verb,1,daily-life-actions,daily-life-actions,bab11,bab11|topik-core,bab11,bab,workbook+topik
kv0204,편지,pyeon-ji,letter,noun,1,communication-media,communication-media,bab13|bab17,bab13|bab17|topik-core,bab13,bab,workbook+topik
kv0205,팔,pal,arm / eight,noun/numeral,1,general-core,general-core,bab07,topik1-vocab|bab07|topik-core,topik1-vocab,topik-vocab,workbook+topik
kv0206,봄,bom,spring,noun,1,weather-seasons,weather-seasons,bab05,bab05|test-level-2-practice|test-intermediate-reading-3|topik-core,bab05,bab,workbook+topik
kv0207,낮다,naj-da,to be low,adjective,1,descriptions-qualities,descriptions-qualities,bab05,bab05|topik-core,bab05,bab,workbook+topik
kv0208,여행,yeo-haeng,trip / travel,noun,1,travel-movement,travel-movement,bab13|bab17|bab20,topik2-level3-vocab|bab13|bab17|bab20|test-intermediate-1|test-level-2-mock|test-reading-skills-set|test-reading-20|test-intermediate-advanced-2|test-intermediate-reading-3|test-topik-ii-level-3-practice-2|topik-core,topik2-level3-vocab,topik-vocab,workbook+topik
kv0209,오월,o-ueol,may,noun,1,general-core,general-core,bab08,bab08|topik-core,bab08,bab,workbook+topik
kv0210,쉬다,sui-da,to rest,verb,1,daily-life-actions,daily-life-actions,bab04|bab10|bab11|bab13|bab14,bab04|bab10|bab11|bab13|bab14|topik-core,bab04,bab,workbook+topik
kv0211,오빠,o-bba,older brother (female speaker),noun,1,family-relationships,family-relationships|communication-media,bab11,topik1-vocab|bab11|topik-core,topik1-vocab,topik-vocab,workbook+topik
kv0212,것,geos,thing / one,dependent noun,1,general-core,general-core,,test-level-1-2-practice|test-level-2-mock|test-level-2-practice|test-reading-skills-set|test-reading-20|test-intermediate-advanced-2|test-intermediate-reading-3|test-intermediate-reading-1|test-topik-ii-level-3-practice-2|topik-core,test-level-1-2-practice,topik-test,topik
kv0213,되다,doi-da,"to become, to come to be",verb,1,travel-movement,travel-movement|descriptions-qualities,,test-intermediate-1|test-level-2-practice|test-intermediate-advanced-2|test-intermediate-reading-3|test-intermediate-reading-1|test-topik-ii-level-3-practice-2|topik-core,test-intermediate-1,topik-test,topik
kv0214,아니다,a-ni-da,to be to not be,adjective,1,descriptions-qualities,descriptions-qualities,,test-intermediate-advanced-2|test-intermediate-reading-3|topik-core,test-intermediate-advanced-2,topik-test,topik
kv0215,때,ddae,"dirt, dust, grime",noun,1,general-core,general-core,,test-intermediate-1|test-level-2-mock|test-intermediate-advanced-2|test-intermediate-reading-3|test-intermediate-reading-1|topik-core,test-intermediate-1,topik-test,topik
kv0216,거,geo,that thing,dependent noun,1,clothing-appearance,clothing-appearance,,test-intermediate-1|test-level-2-practice|topik-core,test-intermediate-1,topik-test,topik
kv0217,같다,gat-da,to be similar,adjective,1,descriptions-qualities,descriptions-qualities,,test-level-1-2-practice|test-intermediate-advanced-2|test-intermediate-reading-1|test-topik-ii-level-3-practice-2|topik-core,test-level-1-2-practice,topik-test,topik
kv0218,말,mal,horse / speech / word,noun,1,animals-nature,animals-nature|communication-media,bab20,bab20|test-level-1-2-practice|test-reading-20|test-intermediate-advanced-2|test-intermediate-reading-3|test-intermediate-reading-1|topik-core,bab20,bab,workbook+topik
kv0219,때문,ddae-mun,because of / reason,dependent noun,1,general-core,general-core,,test-level-2-mock|test-intermediate-advanced-2|test-intermediate-reading-1|test-topik-ii-level-3-practice-2|topik-core,test-level-2-mock,topik-test,topik
kv0220,말하다,mal-ha-da,to speak / say,verb,1,communication-media,communication-media,,topik1-vocab|test-intermediate-reading-3|test-topik-ii-level-3-practice-2|topik-core,topik1-vocab,topik-vocab,topik
kv0221,그러나,geu-reo-na,but then,adverb,1,verbs-actions,verbs-actions,,test-topik-ii-level-3-practice-2|topik-core,test-topik-ii-level-3-practice-2,topik-test,topik
kv0222,알다,al-da,to know,verb,1,daily-life-actions,daily-life-actions,,test-topik-ii-level-3-practice-2|topik-core,test-topik-ii-level-3-practice-2,topik-test,topik
kv0223,그렇다,geu-reoh-da,to be that is right or yes,adjective,1,transport-directions,transport-directions|clothing-appearance|descriptions-qualities,,topik-core,topik-core,topik-extra,topik
kv0224,또,ddo,also / again,adverb,1,adverbs-connectors,adverbs-connectors,,topik-core,topik-core,topik-extra,topik
kv0225,나오다,na-o-da,to come out,verb,1,travel-movement,travel-movement,,test-level-2-practice|topik-core,test-level-2-practice,topik-test,topik
kv0226,문제,mun-je,"question, problem",noun,1,general-core,general-core,bab20,topik2-level3-vocab|topik2-level4-vocab|bab20|test-intermediate-advanced-2|test-topik-ii-level-3-practice-2|topik-core,topik2-level3-vocab,topik-vocab,workbook+topik
kv0227,살다,sal-da,to live,verb,1,daily-life-actions,daily-life-actions,bab20,bab20|topik-core,bab20,bab,workbook+topik
kv0228,생각하다,saeng-gak-ha-da,to think,verb,1,daily-life-actions,daily-life-actions,,test-intermediate-reading-1|topik-core,test-intermediate-reading-1,topik-test,topik
kv0229,모르다,mo-reu-da,to not know,verb,1,verbs-actions,verbs-actions,,test-level-2-mock|test-intermediate-reading-1|topik-core,test-level-2-mock,topik-test,topik
kv0230,속,sok,the inside,noun,1,transport-directions,transport-directions,,test-topik-ii-level-3-practice-2|topik-core,test-topik-ii-level-3-practice-2,topik-test,topik
kv0231,어떤,eo-ddeon,what kind of,determiner,1,questions-pronouns,questions-pronouns|clothing-appearance,,topik-core,topik-core,topik-extra,topik
kv0232,잘,jal,well,adverb,1,verbs-actions,verbs-actions,,topik1-vocab|test-level-1-2-practice|test-level-2-practice|test-intermediate-reading-1|topik-core,topik1-vocab,topik-vocab,topik
kv0233,생각,saeng-gak,thought,noun,1,general-core,general-core,,test-intermediate-1|topik-core,test-intermediate-1,topik-test,topik
kv0234,명,myeong,person counter,dependent noun,1,numbers-counters,numbers-counters|people-occupations,,topik-core,topik-core,topik-extra,topik
kv0235,다른,da-reun,different / another,determiner,1,questions-pronouns,questions-pronouns,,test-topik-ii-level-3-practice-2|topik-core,test-topik-ii-level-3-practice-2,topik-test,topik
kv0236,이런,i-reon,"such, like this",determiner,1,feelings-emotions,feelings-emotions,,topik-core,topik-core,topik-extra,topik
kv0237,듣다,deut-da,to listen / hear,verb,1,body-health,body-health|communication-media,bab20,topik1-vocab|bab20|test-intermediate-reading-3|topik-core,topik1-vocab,topik-vocab,workbook+topik
kv0238,들다,deul-da,"to hold, carry",verb,1,transport-directions,transport-directions,,test-level-2-practice|test-reading-20|test-intermediate-advanced-2|topik-core,test-level-2-practice,topik-test,topik
kv0239,가지다,ga-ji-da,to have or take or hold,verb,1,verbs-actions,verbs-actions,,test-intermediate-1|test-level-2-mock|test-level-2-practice|test-reading-20|test-intermediate-advanced-2|test-intermediate-reading-3|test-intermediate-reading-1|test-topik-ii-level-3-practice-2|topik-core,test-intermediate-1,topik-test,topik
kv0240,아이,a-i,child,noun,1,general-core,general-core,,topik-core,topik-core,topik-extra,topik
kv0241,너,neo,you (casual),pronoun,1,questions-pronouns,questions-pronouns,,topik-core,topik-core,topik-extra,topik
kv0242,이렇다,i-reoh-da,to be like this,adjective,1,feelings-emotions,feelings-emotions|descriptions-qualities,,topik-core,topik-core,topik-extra,topik
kv0243,눈,nun,snow / eye,noun,1,body-health,body-health|weather-seasons,,topik1-vocab|test-intermediate-1|test-level-1-2-practice|test-level-2-mock|test-intermediate-reading-3|test-intermediate-reading-1|test-topik-ii-level-3-practice-2|topik-core,topik1-vocab,topik-vocab,topik
kv0244,전,jeon,before,noun,1,general-core,general-core,,test-intermediate-1|test-level-1-2-practice|test-level-2-mock|test-level-2-practice|test-reading-skills-set|test-reading-20|test-intermediate-advanced-2|test-intermediate-reading-3|test-intermediate-reading-1|test-topik-ii-level-3-practice-2|topik-core,test-intermediate-1,topik-test,topik
kv0245,곳,gos,place,noun,1,general-core,general-core,,topik-core,topik-core,topik-extra,topik
kv0246,퍼센트,peo-sen-teu,percent,dependent noun,1,general-core,general-core,,topik-core,topik-core,topik-extra,topik
kv0247,가장,ga-jang,most,adverb,1,verbs-actions,verbs-actions,,test-level-2-practice|test-intermediate-advanced-2|test-topik-ii-level-3-practice-2|topik-core,test-level-2-practice,topik-test,topik
kv0248,바로,ba-ro,"right, correctly",adverb,1,transport-directions,transport-directions,,test-intermediate-reading-3|topik-core,test-intermediate-reading-3,topik-test,topik
kv0249,무엇,mu-eos,what,pronoun,1,questions-pronouns,questions-pronouns|clothing-appearance,bab20,bab20|test-level-1-2-practice|test-level-2-mock|test-level-2-practice|test-reading-skills-set|test-reading-20|test-intermediate-advanced-2|test-topik-ii-level-3-practice-2|topik-core,bab20,bab,workbook+topik
kv0250,모든,mo-deun,every one,determiner,1,questions-pronouns,questions-pronouns,,test-intermediate-reading-3|test-intermediate-reading-1|topik-core,test-intermediate-reading-3,topik-test,topik
kv0251,그거,geu-geo,that thing,pronoun,1,clothing-appearance,clothing-appearance,,topik-core,topik-core,topik-extra,topik
kv0252,날,nal,day,noun,1,time-calendar,time-calendar,,test-intermediate-reading-1|topik-core,test-intermediate-reading-1,topik-test,topik
kv0253,마음,ma-eum,heart,noun,1,body-health,body-health|communication-media,,test-intermediate-reading-3|topik-core,test-intermediate-reading-3,topik-test,topik
kv0254,후,hu,after,noun,1,general-core,general-core,,test-intermediate-1|test-level-1-2-practice|test-intermediate-advanced-2|test-intermediate-reading-3|test-intermediate-reading-1|test-topik-ii-level-3-practice-2|topik-core,test-intermediate-1,topik-test,topik
kv0255,남자,nam-ja,boy,noun,1,general-core,general-core,,topik1-vocab|topik-core,topik1-vocab,topik-vocab,topik
kv0256,어디,eo-di,where,pronoun,1,questions-pronouns,questions-pronouns,,topik1-vocab|test-level-1-2-practice|test-level-2-mock|test-reading-skills-set|test-reading-20|topik-core,topik1-vocab,topik-vocab,topik
kv0257,몸,mom,"body, physique",noun,1,general-core,general-core,,test-intermediate-reading-3|topik-core,test-intermediate-reading-3,topik-test,topik
kv0258,얼굴,eol-gul,face,noun,1,general-core,general-core,,topik-core,topik-core,topik-extra,topik
kv0259,들어가다,deul-eo-ga-da,to walk,verb,1,travel-movement,travel-movement,,test-level-1-2-practice|test-reading-20|test-intermediate-advanced-2|test-topik-ii-level-3-practice-2|topik-core,test-level-1-2-practice,topik-test,topik
kv0260,다르다,da-reu-da,to be be different,adjective,1,descriptions-qualities,descriptions-qualities,,topik-core,topik-core,topik-extra,topik
kv0261,내다,nae-da,to produce something,verb,1,verbs-actions,verbs-actions,,topik-core,topik-core,topik-extra,topik
kv0262,사이,sa-i,space between 2 points; the relationship between 2 people,noun,1,transport-directions,transport-directions,,topik-core,topik-core,topik-extra,topik
kv0263,우리나라,u-ri-na-ra,korea,noun,1,general-core,general-core,,topik-core,topik-core,topik-extra,topik
kv0264,손,son,hand,noun,1,body-health,body-health,,topik-core,topik-core,topik-extra,topik
kv0265,그때,geu-ddae,then or at that time,noun,1,time-calendar,time-calendar|clothing-appearance,,topik-core,topik-core,topik-extra,topik
kv0266,찾다,chaj-da,"to seek, look for",verb,1,verbs-actions,verbs-actions,,test-intermediate-reading-3|topik-core,test-intermediate-reading-3,topik-test,topik
kv0267,나가다,na-ga-da,to go out,verb,1,travel-movement,travel-movement,,test-level-2-practice|test-topik-ii-level-3-practice-2|topik-core,test-level-2-practice,topik-test,topik
kv0268,아직,a-jik,still,adverb,1,verbs-actions,verbs-actions,,test-intermediate-1|test-level-2-practice|test-intermediate-reading-1|topik-core,test-intermediate-1,topik-test,topik
kv0269,서다,seo-da,to stand,verb,1,daily-life-actions,daily-life-actions,,topik1-vocab|test-intermediate-1|test-level-2-mock|topik-core,topik1-vocab,topik-vocab,topik
kv0270,역사,yeok-sa,history,noun,1,general-core,general-core,,test-topik-ii-level-3-practice-2|topik-core,test-topik-ii-level-3-practice-2,topik-test,topik
kv0271,동안,dong-an,"for, through, throughout",noun,1,general-core,general-core,,test-intermediate-1|test-intermediate-advanced-2|test-intermediate-reading-3|test-topik-ii-level-3-practice-2|topik-core,test-intermediate-1,topik-test,topik
kv0272,넣다,neoh-da,to put in,verb,1,daily-life-actions,daily-life-actions,,test-intermediate-reading-1|topik-core,test-intermediate-reading-1,topik-test,topik
kv0273,중요하다,jung-yo-ha-da,"to be important, weighty",adjective,1,descriptions-qualities,descriptions-qualities,,topik2-level4-vocab|test-intermediate-reading-3|topik-core,topik2-level4-vocab,topik-vocab,topik
kv0274,힘,him,power,noun,1,general-core,general-core,,topik-core,topik-core,topik-extra,topik
kv0275,나라,na-ra,a country,noun,1,general-core,general-core,,test-reading-skills-set|test-topik-ii-level-3-practice-2|topik-core,test-reading-skills-set,topik-test,topik
kv0276,부르다,bu-reu-da,to call,verb,1,communication-media,communication-media,,topik-core,topik-core,topik-extra,topik
kv0277,자리,ja-ri,seat / place,noun,1,animals-nature,animals-nature,,topik-core,topik-core,topik-extra,topik
kv0278,죽다,juk-da,"to die, pass away",verb,1,verbs-actions,verbs-actions,,topik-core,topik-core,topik-extra,topik
kv0279,얘기,yae-gi,story,noun,1,general-core,general-core,,topik-core,topik-core,topik-extra,topik
kv0280,엄마,eom-ma,mamma,noun,1,general-core,general-core,,topik-core,topik-core,topik-extra,topik
kv0281,내리다,nae-ri-da,to get off / descend,verb,1,time-calendar,time-calendar,,topik-core,topik-core,topik-extra,topik
kv0282,필요하다,pil-yo-ha-da,to need / be necessary,adjective,1,descriptions-qualities,descriptions-qualities,,topik2-level4-vocab|test-level-1-2-practice|test-level-2-mock|test-intermediate-advanced-2|test-intermediate-reading-3|test-intermediate-reading-1|topik-core,topik2-level4-vocab,topik-vocab,topik
kv0283,생기다,saeng-gi-da,"to arise, occur, happen",verb,1,verbs-actions,verbs-actions,,topik-core,topik-core,topik-extra,topik
kv0284,사용하다,sa-yong-ha-da,"to use, to use for a specific purpose",verb,1,verbs-actions,verbs-actions,,test-level-2-mock|test-intermediate-advanced-2|test-intermediate-reading-3|test-intermediate-reading-1|topik-core,test-level-2-mock,topik-test,topik
kv0285,남편,nam-pyeon,husband,noun,1,family-relationships,family-relationships,,topik-core,topik-core,topik-extra,topik
kv0286,들어오다,deul-eo-o-da,"to come into, to go into",verb,1,travel-movement,travel-movement,,topik-core,topik-core,topik-extra,topik
kv0287,대학,dae-hak,university,noun,1,general-core,general-core,,topik-core,topik-core,topik-extra,topik
kv0288,가운데,ga-un-de,in the middle,noun,1,general-core,general-core,,topik-core,topik-core,topik-extra,topik
kv0289,밤,bam,night,noun,1,time-calendar,time-calendar,,topik1-vocab|test-intermediate-1|test-level-2-mock|test-level-2-practice|test-reading-skills-set|topik-core,topik1-vocab,topik-vocab,topik
kv0290,먼저,meon-jeo,first,adverb,1,verbs-actions,verbs-actions,,test-level-2-practice|test-reading-skills-set|test-intermediate-reading-3|test-topik-ii-level-3-practice-2|topik-core,test-level-2-practice,topik-test,topik
kv0291,다니다,da-ni-da,to go to and from a aplace,verb,1,travel-movement,travel-movement,,topik-core,topik-core,topik-extra,topik
kv0292,묻다,mut-da,to ask / bury,verb,1,communication-media,communication-media,bab20,bab20|topik-core,bab20,bab,workbook+topik
kv0293,거기,geo-gi,there,pronoun,1,questions-pronouns,questions-pronouns,bab20,bab20|topik-core,bab20,bab,workbook+topik
kv0294,아들,a-deul,"son, baby",noun,1,general-core,general-core,bab20,topik1-vocab|bab20|topik-core,topik1-vocab,topik-vocab,workbook+topik
kv0295,곧,got,soon,adverb,1,verbs-actions,verbs-actions,,topik-core,topik-core,topik-extra,topik
kv0296,서로,seo-ro,"mutually, one another",adverb,1,verbs-actions,verbs-actions,,topik-core,topik-core,topik-extra,topik
kv0297,이거,i-geo,this thing,pronoun,1,questions-pronouns,questions-pronouns,,topik-core,topik-core,topik-extra,topik
kv0298,웃다,us-da,"to laugh, smile",verb,1,verbs-actions,verbs-actions,,test-reading-skills-set|test-topik-ii-level-3-practice-2|topik-core,test-reading-skills-set,topik-test,topik
kv0299,떠나다,ddeo-na-da,to be off,verb,1,descriptions-qualities,descriptions-qualities,,topik-core,topik-core,topik-extra,topik
kv0300,그래,geu-rae,yes or that's right,interjection,1,transport-directions,transport-directions|clothing-appearance,bab20,bab20|topik-core,bab20,bab,workbook+topik
kv0301,끝,ggeut,end,noun,1,time-calendar,time-calendar,,test-level-2-mock|topik-core,test-level-2-mock,topik-test,topik
kv0302,입,ip,mouth,noun,1,body-health,body-health,,topik-core,topik-core,topik-extra,topik
kv0303,필요,pil-yo,need / necessity,noun,1,general-core,general-core,,test-intermediate-reading-3|topik-core,test-intermediate-reading-3,topik-test,topik
kv0304,하늘,ha-neul,the sky,noun,1,general-core,general-core,,topik-core,topik-core,topik-extra,topik
kv0305,교수,gyo-su,professor,noun,1,people-occupations,people-occupations,,topik2-level5-vocab|topik-core,topik2-level5-vocab,topik-vocab,topik
kv0306,사랑,sa-rang,love,noun,1,feelings-emotions,feelings-emotions,,topik-core,topik-core,topik-extra,topik
kv0307,돌아오다,dol-a-o-da,to return / come back,verb,1,travel-movement,travel-movement,,topik-core,topik-core,topik-extra,topik
kv0308,아빠,a-bba,dad,noun,1,general-core,general-core,,topik-core,topik-core,topik-extra,topik
kv0309,한번,han-beon,once,noun,1,general-core,general-core,,topik-core,topik-core,topik-extra,topik
kv0310,가슴,ga-seum,chest,noun,1,body-health,body-health,,topik-core,topik-core,topik-extra,topik
kv0311,맛,mas,flavor,noun,1,general-core,general-core,,test-level-2-mock|test-level-2-practice|test-reading-20|test-intermediate-reading-3|topik-core,test-level-2-mock,topik-test,topik
kv0312,매우,mae-u,very,adverb,1,verbs-actions,verbs-actions,,test-level-1-2-practice|topik-core,test-level-1-2-practice,topik-test,topik
kv0313,오르다,o-reu-da,"to go up, climb, ascend",verb,1,time-calendar,time-calendar|travel-movement,,test-level-2-mock|test-level-2-practice|test-intermediate-advanced-2|test-intermediate-reading-1|topik-core,test-level-2-mock,topik-test,topik
kv0314,꼭,ggok,for sure,adverb,1,verbs-actions,verbs-actions,,test-reading-skills-set|test-intermediate-reading-1|topik-core,test-reading-skills-set,topik-test,topik
kv0315,계획,gye-hoik,a plan or a project,noun,1,general-core,general-core,,topik2-level3-vocab|test-intermediate-advanced-2|topik-core,topik2-level3-vocab,topik-vocab,topik
kv0316,얼마,eol-ma,"how many, how much",noun,1,descriptions-qualities,descriptions-qualities,,topik1-vocab|test-intermediate-1|test-level-1-2-practice|test-reading-skills-set|topik-core,topik1-vocab,topik-vocab,topik
kv0317,계속,gye-sok,continuously,adverb,1,verbs-actions,verbs-actions,,test-topik-ii-level-3-practice-2|topik-core,test-topik-ii-level-3-practice-2,topik-test,topik
kv0318,아내,a-nae,wife,noun,1,family-relationships,family-relationships,,topik-core,topik-core,topik-extra,topik
kv0319,놓다,noh-da,"to put, place",verb,1,daily-life-actions,daily-life-actions,,test-intermediate-1|test-intermediate-advanced-2|topik-core,test-intermediate-1,topik-test,topik
kv0320,도시,do-si,city,noun,1,general-core,general-core,,topik-core,topik-core,topik-extra,topik
kv0321,바꾸다,ba-ggu-da,"to change, exchange",verb,1,verbs-actions,verbs-actions,,topik-core,topik-core,topik-extra,topik
kv0322,새,sae,new,determiner,1,questions-pronouns,questions-pronouns,,test-intermediate-advanced-2|topik-core,test-intermediate-advanced-2,topik-test,topik
kv0323,하지만,ha-ji-man,but / however,conjunction,1,adverbs-connectors,adverbs-connectors,,test-level-2-mock|test-level-2-practice|test-intermediate-reading-1|test-topik-ii-level-3-practice-2|topik-core,test-level-2-mock,topik-test,topik
kv0324,문,mun,door,noun,1,home-household,home-household,bab20,bab20|test-intermediate-1|test-level-1-2-practice|test-level-2-mock|test-level-2-practice|test-intermediate-reading-3|test-topik-ii-level-3-practice-2|topik-core,bab20,bab,workbook+topik
kv0325,그동안,geu-dong-an,during that time,noun,1,time-calendar,time-calendar|clothing-appearance,,topik-core,topik-core,topik-extra,topik
kv0326,갑자기,gap-ja-gi,suddenly,adverb,1,verbs-actions,verbs-actions,,topik-core,topik-core,topik-extra,topik
kv0327,바람,ba-ram,wind,noun,1,weather-seasons,weather-seasons,,topik1-vocab|test-level-2-mock|test-level-2-practice|test-intermediate-reading-3|test-intermediate-reading-1|test-topik-ii-level-3-practice-2|topik-core,topik1-vocab,topik-vocab,topik
kv0328,잘하다,jal-ha-da,to do well,verb,1,daily-life-actions,daily-life-actions,,test-level-2-mock|test-level-2-practice|test-intermediate-reading-3|test-intermediate-reading-1|topik-core,test-level-2-mock,topik-test,topik
kv0329,힘들다,him-deul-da,"to be hard, difficult",adjective,1,descriptions-qualities,descriptions-qualities,,test-level-2-practice|test-intermediate-advanced-2|topik-core,test-level-2-practice,topik-test,topik
kv0330,못하다,mos-ha-da,to be impossible,verb,1,descriptions-qualities,descriptions-qualities,,test-level-2-practice|test-intermediate-reading-3|test-intermediate-reading-1|topik-core,test-level-2-practice,topik-test,topik
kv0331,학년,hak-nyeon,a school year,noun,1,school-study,school-study|time-calendar|body-health,,topik-core,topik-core,topik-extra,topik
kv0332,이해하다,i-hae-ha-da,to understand,verb,1,verbs-actions,verbs-actions,,test-level-2-practice|topik-core,test-level-2-practice,topik-test,topik
kv0333,선생,seon-saeng,teacher,noun,1,people-occupations,people-occupations|school-study|food-drink,bab20,bab20|topik-core,bab20,bab,workbook+topik
kv0334,돌아가다,dol-a-ga-da,to return / go back,verb,1,travel-movement,travel-movement,,topik-core,topik-core,topik-extra,topik
kv0335,꿈,ggum,a Dream,noun,1,general-core,general-core,,topik-core,topik-core,topik-extra,topik
kv0336,회의,hoi-eui,"a meeting, a conference",noun,1,general-core,general-core,,topik2-level3-vocab|test-intermediate-advanced-2|test-intermediate-reading-3|topik-core,topik2-level3-vocab,topik-vocab,topik
kv0337,나무,na-mu,tree,noun,1,animals-nature,animals-nature,,topik-core,topik-core,topik-extra,topik
kv0338,걷다,geot-da,to walk,verb,1,travel-movement,travel-movement,bab20,bab20|topik-core,bab20,bab,workbook+topik
kv0339,이때,i-ddae,"at this time, moment",noun,1,time-calendar,time-calendar,,topik-core,topik-core,topik-extra,topik
kv0340,물건,mul-geon,a thing,noun,1,general-core,general-core,,test-intermediate-advanced-2|test-intermediate-reading-1|topik-core,test-intermediate-advanced-2,topik-test,topik
kv0341,발,bal,foot,noun,1,body-health,body-health,,topik-core,topik-core,topik-extra,topik
kv0342,시작되다,si-jak-doi-da,"to begin, start",verb,1,time-calendar,time-calendar,,topik-core,topik-core,topik-extra,topik
kv0343,말다,mal-da,to cease,verb,1,verbs-actions,verbs-actions,,test-intermediate-1|test-level-2-mock|test-topik-ii-level-3-practice-2|topik-core,test-intermediate-1,topik-test,topik
kv0344,설명하다,seol-myeong-ha-da,to explain,verb,1,verbs-actions,verbs-actions,,topik2-level3-vocab|topik2-level5-vocab|test-intermediate-advanced-2|topik-core,topik2-level3-vocab,topik-vocab,topik
kv0345,음악,eum-ak,music,noun,1,hobbies-sports,hobbies-sports,bab20,bab20|test-intermediate-reading-3|topik-core,bab20,bab,workbook+topik
kv0346,비,bi,rain,noun,1,weather-seasons,weather-seasons,,topik1-vocab|test-intermediate-1|test-level-1-2-practice|test-level-2-mock|test-level-2-practice|test-reading-20|test-intermediate-advanced-2|test-intermediate-reading-3|test-intermediate-reading-1|test-topik-ii-level-3-practice-2|topik-core,topik1-vocab,topik-vocab,topik
kv0347,놀라다,nol-ra-da,to be surprised,verb,1,descriptions-qualities,descriptions-qualities,,test-intermediate-advanced-2|topik-core,test-intermediate-advanced-2,topik-test,topik
kv0348,울다,ul-da,"to cry, weep",verb,1,verbs-actions,verbs-actions,,topik-core,topik-core,topik-extra,topik
kv0349,지내다,ji-nae-da,"to pass, spend time",verb,1,time-calendar,time-calendar,,topik-core,topik-core,topik-extra,topik
kv0350,결혼,gyeol-hon,marriage,noun,1,general-core,general-core,,topik-core,topik-core,topik-extra,topik
kv0351,예,ye,"yes, certainly, right",interjection,1,transport-directions,transport-directions,,test-intermediate-advanced-2|test-intermediate-reading-3|test-topik-ii-level-3-practice-2|topik-core,test-intermediate-advanced-2,topik-test,topik
kv0352,빠르다,bba-reu-da,"to be be fast, quick",adjective,1,descriptions-qualities,descriptions-qualities,,topik1-vocab|topik-core,topik1-vocab,topik-vocab,topik
kv0353,아기,a-gi,"baby, infant",noun,1,general-core,general-core,,topik-core,topik-core,topik-extra,topik
kv0354,아저씨,a-jeo-ssi,"sir, calling an unknown male",noun,1,communication-media,communication-media,,topik-core,topik-core,topik-extra,topik
kv0355,옛날,yes-nal,"ancient times, antiquity",noun,1,time-calendar,time-calendar,,topik-core,topik-core,topik-extra,topik
kv0356,이곳,i-gos,"this place, here",pronoun,1,questions-pronouns,questions-pronouns,,topik-core,topik-core,topik-extra,topik
kv0357,딸,ddal,daughter,noun,1,general-core,general-core,bab20,topik1-vocab|bab20|topik-core,topik1-vocab,topik-vocab,workbook+topik
kv0358,마지막,ma-ji-mak,last / final,noun,1,general-core,general-core,,topik-core,topik-core,topik-extra,topik
kv0359,저녁,jeo-nyeok,evening / dinner,noun,1,time-calendar,time-calendar,,topik1-vocab|test-intermediate-1|test-level-1-2-practice|test-level-2-mock|test-level-2-practice|test-reading-skills-set|test-reading-20|test-intermediate-reading-3|topik-core,topik1-vocab,topik-vocab,topik
kv0360,건강,geon-gang,health,noun,1,body-health,body-health,,topik2-level3-vocab|topik2-level4-vocab|test-intermediate-advanced-2|test-intermediate-reading-3|test-intermediate-reading-1|test-topik-ii-level-3-practice-2|topik-core,topik2-level3-vocab,topik-vocab,topik
kv0361,건물,geon-mul,building,noun,1,places-buildings,places-buildings,,topik-core,topik-core,topik-extra,topik
kv0362,외국,oi-guk,a foreign country,noun,1,general-core,general-core,,topik-core,topik-core,topik-extra,topik
kv0363,밑,mit,the bottom,noun,1,general-core,general-core,,test-topik-ii-level-3-practice-2|topik-core,test-topik-ii-level-3-practice-2,topik-test,topik
kv0364,어른,eo-reun,"a man, an adult; a superior or elder;  your father",noun,1,family-relationships,family-relationships,,topik-core,topik-core,topik-extra,topik
kv0365,팔다,pal-da,to sell,verb,1,shopping-money,shopping-money,,topik-core,topik-core,topik-extra,topik
kv0366,부모,bu-mo,parents,noun,1,family-relationships,family-relationships,bab20,bab20|topik-core,bab20,bab,workbook+topik
kv0367,올라가다,ol-ra-ga-da,"to go up, ascend",verb,1,time-calendar,time-calendar|travel-movement,,topik-core,topik-core,topik-extra,topik
kv0368,그날,geu-nal,that day or that same day,noun,1,time-calendar,time-calendar|clothing-appearance,,topik-core,topik-core,topik-extra,topik
kv0369,자주,ja-ju,frequently,adverb,1,verbs-actions,verbs-actions,,topik1-vocab|test-intermediate-reading-3|topik-core,topik1-vocab,topik-vocab,topik
kv0370,담배,dam-bae,tobacco,noun,1,general-core,general-core,,topik-core,topik-core,topik-extra,topik
kv0371,태어나다,tae-eo-na-da,"to be born, see the light of day",verb,1,time-calendar,time-calendar|descriptions-qualities,,topik-core,topik-core,topik-extra,topik
kv0372,벌써,beol-sseo,already,adverb,1,communication-media,communication-media,,test-intermediate-advanced-2|topik-core,test-intermediate-advanced-2,topik-test,topik
kv0373,환자,hoan-ja,a patient,noun,1,general-core,general-core,,topik-core,topik-core,topik-extra,topik
kv0374,대화,dae-hoa,conversation,noun,1,general-core,general-core,,test-reading-20|topik-core,test-reading-20,topik-test,topik
kv0375,걸다,geol-da,to hang up or suspend,verb,1,time-calendar,time-calendar,,test-intermediate-1|test-reading-20|test-intermediate-advanced-2|test-topik-ii-level-3-practice-2|topik-core,test-intermediate-1,topik-test,topik
kv0376,잠시,jam-si,for a little while,adverb,1,verbs-actions,verbs-actions,,topik-core,topik-core,topik-extra,topik
kv0377,제일,je-il,"the first, the most important thing",noun,1,general-core,general-core,,topik-core,topik-core,topik-extra,topik
kv0378,얘기하다,yae-gi-ha-da,to tell a story,verb,1,communication-media,communication-media,,topik-core,topik-core,topik-extra,topik
kv0379,다리,da-ri,leg,noun,1,general-core,general-core,bab20,bab20|test-level-2-practice|topik-core,bab20,bab,workbook+topik
kv0380,아무,a-mu,"anybody, everybody",determiner,1,questions-pronouns,questions-pronouns,,topik-core,topik-core,topik-extra,topik
kv0381,항상,hang-sang,always,adverb,1,verbs-actions,verbs-actions,,topik1-vocab|test-level-2-practice|test-intermediate-reading-1|topik-core,topik1-vocab,topik-vocab,topik
kv0382,잃다,ilh-da,"to lose, to miss, to be deprived",verb,1,descriptions-qualities,descriptions-qualities,,test-intermediate-reading-3|topik-core,test-intermediate-reading-3,topik-test,topik
kv0383,비슷하다,bi-seus-ha-da,to be to resemble,adjective,1,descriptions-qualities,descriptions-qualities,,test-topik-ii-level-3-practice-2|topik-core,test-topik-ii-level-3-practice-2,topik-test,topik
kv0384,달러,dal-reo,dollar,dependent noun,1,general-core,general-core,,topik-core,topik-core,topik-extra,topik
kv0385,사랑하다,sa-rang-ha-da,to love,verb,1,feelings-emotions,feelings-emotions,,topik-core,topik-core,topik-extra,topik
kv0386,그러니까,geu-reo-ni-gga,and so it is that,adverb,1,clothing-appearance,clothing-appearance,,topik-core,topik-core,topik-extra,topik
kv0387,값,gaps,price / value,noun,1,food-drink,food-drink|shopping-money,,topik-core,topik-core,topik-extra,topik
kv0388,언제나,eon-je-na,"everytime, always",adverb,1,time-calendar,time-calendar,,topik-core,topik-core,topik-extra,topik
kv0389,개월,gae-ueol,each and every month,dependent noun,1,time-calendar,time-calendar,,test-intermediate-1|topik-core,test-intermediate-1,topik-test,topik
kv0390,어린이,eo-rin-i,"a youngster, a child",noun,1,general-core,general-core,,test-intermediate-advanced-2|topik-core,test-intermediate-advanced-2,topik-test,topik
kv0391,말씀,mal-sseum,speech,noun,1,general-core,general-core,,topik-core,topik-core,topik-extra,topik
kv0392,괜찮다,goaen-chanh-da,to be okay,adjective,1,descriptions-qualities,descriptions-qualities,,test-reading-skills-set|test-intermediate-reading-3|topik-core,test-reading-skills-set,topik-test,topik
kv0393,눈물,nun-mul,a tear,noun,1,food-drink,food-drink|body-health,,topik-core,topik-core,topik-extra,topik
kv0394,아니,a-ni,not,adverb,1,verbs-actions,verbs-actions,,topik-core,topik-core,topik-extra,topik
kv0395,주인,ju-in,"the head of a family, the owner",noun,1,family-relationships,family-relationships|body-health,,topik-core,topik-core,topik-extra,topik
kv0396,반,ban,half,noun,1,general-core,general-core,bab20,bab20|test-topik-ii-level-3-practice-2|topik-core,bab20,bab,workbook+topik
kv0397,귀,gui,ear,noun,1,body-health,body-health,,topik-core,topik-core,topik-extra,topik
kv0398,미터,mi-teo,meter,dependent noun,1,general-core,general-core,,topik-core,topik-core,topik-extra,topik
kv0399,어떠하다,eo-ddeo-ha-da,to be how,adjective,1,descriptions-qualities,descriptions-qualities,,topik-core,topik-core,topik-extra,topik
kv0400,아파트,a-pa-teu,apartment,noun,1,general-core,general-core,,topik-core,topik-core,topik-extra,topik
kv0401,가끔,ga-ggeum,sometimes,adverb,1,time-calendar,time-calendar,,topik1-vocab|topik-core,topik1-vocab,topik-vocab,topik
kv0402,고맙다,go-map-da,to be grateful / thankful,adjective,1,descriptions-qualities,descriptions-qualities,,topik-core,topik-core,topik-extra,topik
kv0403,그곳,geu-gos,that place,pronoun,1,clothing-appearance,clothing-appearance,,topik-core,topik-core,topik-extra,topik
kv0404,내려오다,nae-ryeo-o-da,to come down,verb,1,travel-movement,travel-movement,,topik-core,topik-core,topik-extra,topik
kv0405,뉴스,nyu-seu,news,noun,1,general-core,general-core,,topik-core,topik-core,topik-extra,topik
kv0406,안다,an-da,to hug / hold,verb,1,verbs-actions,verbs-actions,,topik-core,topik-core,topik-extra,topik
kv0407,잊다,ij-da,to forget,verb,1,daily-life-actions,daily-life-actions,,topik-core,topik-core,topik-extra,topik
kv0408,늦다,neuj-da,to be late,adjective,1,time-calendar,time-calendar|descriptions-qualities,,test-intermediate-1|test-level-2-mock|test-level-2-practice|test-intermediate-advanced-2|test-intermediate-reading-3|test-intermediate-reading-1|test-topik-ii-level-3-practice-2|topik-core,test-intermediate-1,topik-test,topik
kv0409,센티미터,sen-ti-mi-teo,centimeter,dependent noun,1,time-calendar,time-calendar,,topik-core,topik-core,topik-extra,topik
kv0410,설명,seol-myeong,an explanation,noun,1,general-core,general-core,,topik-core,topik-core,topik-extra,topik
kv0411,티브이,ti-beu-i,TV / television,noun,1,hobbies-sports,hobbies-sports,,topik-core,topik-core,topik-extra,topik
kv0412,어깨,eo-ggae,shoulder,noun,1,general-core,general-core,,topik-core,topik-core,topik-extra,topik
kv0413,부부,bu-bu,man and wife,noun,1,family-relationships,family-relationships,,topik-core,topik-core,topik-extra,topik
kv0414,오래,o-rae,"long, for a long time",adverb,1,time-calendar,time-calendar|descriptions-qualities,,test-intermediate-advanced-2|test-intermediate-reading-3|test-intermediate-reading-1|topik-core,test-intermediate-advanced-2,topik-test,topik
kv0415,공,gong,ball,noun,1,general-core,general-core,,topik-core,topik-core,topik-extra,topik
kv0416,예쁘다,ye-bbeu-da,to be pretty,adjective,2,clothing-appearance,clothing-appearance|descriptions-qualities,bab12|bab20,topik1-vocab|bab12|bab20|test-intermediate-1|test-reading-20|topik-core,topik1-vocab,topik-vocab,workbook+topik
kv0417,맛있다,mas-iss-da,to be delicious,adjective,2,food-drink,food-drink|descriptions-qualities,bab05|bab06|bab10|bab19,topik1-vocab|bab05|bab06|bab10|bab19|test-intermediate-1|test-level-2-mock|test-level-2-practice|test-reading-skills-set|test-reading-20|test-topik-ii-level-3-practice-2|topik-core,topik1-vocab,topik-vocab,workbook+topik
kv0418,쓰레기,sseu-re-gi,garbage,noun,2,general-core,general-core,bab18,topik2-level4-vocab|bab18|topik-core,topik2-level4-vocab,topik-vocab,workbook+topik
kv0419,구월,gu-ueol,september,noun,2,general-core,general-core,bab08,bab08|topik-core,bab08,bab,workbook+topik
kv0420,맑다,malk-da,to be clear / sunny,adjective,2,body-health,body-health|weather-seasons|descriptions-qualities,bab05|bab06|bab10|bab19,topik1-vocab|bab05|bab06|bab10|bab19|test-intermediate-reading-3|test-intermediate-reading-1|topik-core,topik1-vocab,topik-vocab,workbook+topik
kv0421,유월,yu-ueol,june,noun,2,general-core,general-core,bab08,bab08|topik-core,bab08,bab,workbook+topik
kv0422,영어,yeong-eo,English language,noun,2,countries-languages,countries-languages|communication-media,bab03|bab04|bab11|bab18,bab03|bab04|bab11|bab18|topik-core,bab03,bab,workbook+topik
kv0423,삼월,sam-ueol,march,noun,2,general-core,general-core,bab08|bab09,bab08|bab09|topik-core,bab08,bab,workbook+topik
kv0424,그렇지만,geu-reoh-ji-man,but / however,conjunction,2,adverbs-connectors,adverbs-connectors,bab10|bab12,bab10|bab12|topik-core,bab10,bab,workbook+topik
kv0425,누나,nu-na,older sister (male speaker),noun,2,family-relationships,family-relationships|communication-media,bab11,topik1-vocab|bab11|topik-core,topik1-vocab,topik-vocab,workbook+topik
kv0426,질문,jil-mun,"a question, a query",noun,2,general-core,general-core,bab02|bab06|bab12|bab13,bab02|bab06|bab12|bab13|test-reading-skills-set|topik-core,bab02,bab,workbook+topik
kv0427,부모님,bu-mo-nim,parents,noun,2,family-relationships,family-relationships,bab13|bab17|bab20,topik1-vocab|bab13|bab17|bab20|test-intermediate-reading-1|topik-core,topik1-vocab,topik-vocab,workbook+topik
kv0428,계시다,gye-si-da,to be / stay (honorific),verb,2,greetings-politeness,greetings-politeness|descriptions-qualities,bab11,bab11|topik-core,bab11,bab,workbook+topik
kv0429,마리,ma-ri,number of animals,dependent noun,2,numbers-counters,numbers-counters|animals-nature,bab15,bab15|topik-core,bab15,bab,workbook+topik
kv0430,비행기,bi-haeng-gi,airplane,noun,2,transport-directions,transport-directions,bab16|bab17,topik1-vocab|bab16|bab17|test-level-2-practice|test-reading-20|test-intermediate-advanced-2|topik-core,topik1-vocab,topik-vocab,workbook+topik
kv0431,뜨겁다,ddeu-geop-da,to be hot (to the touch),adjective,2,descriptions-qualities,descriptions-qualities,bab05|bab15,bab05|bab15|test-intermediate-reading-3|topik-core,bab05,bab,workbook+topik
kv0432,일찍,il-jjik,early,adverb,2,adverbs-connectors,adverbs-connectors|time-calendar|body-health,bab18,bab18|test-intermediate-1|test-level-2-practice|test-reading-skills-set|test-topik-ii-level-3-practice-2|topik-core,bab18,bab,workbook+topik
kv0433,찍다,jjik-da,to take (a photo) / stamp,verb,2,verbs-actions,verbs-actions,bab06|bab10,bab06|bab10|topik-core,bab06,bab,workbook+topik
kv0434,가볍다,ga-byeop-da,to be light,adjective,2,descriptions-qualities,descriptions-qualities,bab05|bab06,bab05|bab06|topik-core,bab05,bab,workbook+topik
kv0435,오전,o-jeon,morning,noun,2,time-calendar,time-calendar,bab09|bab11|bab17|bab19,topik1-vocab|bab09|bab11|bab17|bab19|test-intermediate-1|test-level-1-2-practice|test-level-2-mock|test-level-2-practice|test-reading-skills-set|test-intermediate-reading-1|test-topik-ii-level-3-practice-2|topik-core,topik1-vocab,topik-vocab,workbook+topik
kv0436,가게,ga-ge,store / shop,noun,2,places-buildings,places-buildings,bab04,topik1-vocab|bab04|test-level-1-2-practice|topik-core,topik1-vocab,topik-vocab,workbook+topik
kv0437,약속,yak-sok,a promise,noun,2,events-celebrations,events-celebrations,bab12,topik2-level3-vocab|bab12|test-intermediate-advanced-2|test-topik-ii-level-3-practice-2|topik-core,topik2-level3-vocab,topik-vocab,workbook+topik
kv0438,자전거,ja-jeon-geo,bicycle,noun,2,transport-directions,transport-directions,bab16|bab17|bab18,topik1-vocab|bab16|bab17|bab18|test-reading-20|test-intermediate-reading-1|topik-core,topik1-vocab,topik-vocab,workbook+topik
kv0439,목,mok,neck / throat,noun,2,body-health,body-health,bab18,bab18|topik-core,bab18,bab,workbook+topik
kv0440,피우다,pi-u-da,to smoke / bloom,verb,2,daily-life-actions,daily-life-actions,bab17,bab17|topik-core,bab17,bab,workbook+topik
kv0441,교통,gyo-tong,traffic / transportation,noun,2,transport-directions,transport-directions|hobbies-sports,bab18,topik2-level3-vocab|bab18|test-level-2-mock|test-intermediate-reading-3|test-topik-ii-level-3-practice-2|topik-core,topik2-level3-vocab,topik-vocab,workbook+topik
kv0442,불다,bul-da,to blow,verb,2,descriptions-qualities,descriptions-qualities,bab05,bab05|test-level-2-practice|test-intermediate-reading-1|topik-core,bab05,bab,workbook+topik
kv0443,가을,ga-eul,autumn / fall,noun,2,weather-seasons,weather-seasons,bab05|bab06,bab05|bab06|test-level-2-practice|topik-core,bab05,bab,workbook+topik
kv0444,내일,nae-il,tomorrow,noun,2,time-calendar,time-calendar,bab12|bab13|bab15|bab16|bab17|bab18|bab19,topik1-vocab|bab12|bab13|bab15|bab16|bab17|bab18|bab19|test-intermediate-1|test-level-1-2-practice|test-level-2-mock|test-level-2-practice|test-reading-skills-set|test-reading-20|test-topik-ii-level-3-practice-2|topik-core,topik1-vocab,topik-vocab,workbook+topik
kv0445,매일,mae-il,every day,adverb,2,adverbs-connectors,adverbs-connectors|time-calendar,bab09|bab10|bab12|bab13|bab19,bab09|bab10|bab12|bab13|bab19|test-level-1-2-practice|test-level-2-mock|test-level-2-practice|test-reading-skills-set|test-reading-20|test-intermediate-reading-3|test-intermediate-reading-1|topik-core,bab09,bab,workbook+topik
kv0446,날씨,nal-ssi,weather,noun,2,weather-seasons,weather-seasons,bab05|bab06|bab10|bab18,topik1-vocab|topik2-level3-vocab|bab05|bab06|bab10|bab18|test-intermediate-1|test-level-1-2-practice|test-level-2-mock|test-reading-skills-set|test-reading-20|test-intermediate-advanced-2|test-intermediate-reading-3|test-intermediate-reading-1|test-topik-ii-level-3-practice-2|topik-core,topik1-vocab,topik-vocab,workbook+topik
kv0447,의사,eui-sa,doctor,noun,2,people-occupations,people-occupations,bab01|bab02|bab11,topik1-vocab|bab01|bab02|bab11|test-reading-20|topik-core,topik1-vocab,topik-vocab,workbook+topik
kv0448,여러분,yeo-reo-bun,you,pronoun,2,questions-pronouns,questions-pronouns,bab07|bab08|bab16,bab07|bab08|bab16|topik-core,bab07,bab,workbook+topik
kv0449,병,byeong,illness / bottle,noun,2,numbers-counters,numbers-counters|body-health,bab15,bab15|topik-core,bab15,bab,workbook+topik
kv0450,따뜻하다,dda-ddeus-ha-da,to be warm,adjective,2,weather-seasons,weather-seasons|descriptions-qualities,bab06,bab06|test-intermediate-1|test-topik-ii-level-3-practice-2|topik-core,bab06,bab,workbook+topik
kv0451,축구,chuk-gu,soccer / football,noun,2,body-health,body-health|hobbies-sports,bab05|bab06|bab10,bab05|bab06|bab10|test-intermediate-1|test-level-1-2-practice|test-level-2-practice|test-intermediate-reading-3|test-topik-ii-level-3-practice-2|topik-core,bab05,bab,workbook+topik
kv0452,밝다,balk-da,to be promising,adjective,2,descriptions-qualities,descriptions-qualities,bab05,bab05|topik-core,bab05,bab,workbook+topik
kv0453,장소,jang-so,place,noun,2,general-core,general-core,bab03,bab03|topik-core,bab03,bab,workbook+topik
kv0454,교실,gyo-sil,classroom,noun,2,school-study,school-study|places-buildings|home-household,bab02|bab03|bab05|bab06|bab07|bab11,bab02|bab03|bab05|bab06|bab07|bab11|topik-core,bab02,bab,workbook+topik
kv0455,복잡하다,bok-jap-ha-da,to be be complicated,adjective,2,animals-nature,animals-nature|descriptions-qualities,bab18,topik2-level4-vocab|bab18|test-intermediate-reading-1|topik-core,topik2-level4-vocab,topik-vocab,workbook+topik
kv0456,색,saek,color,noun,2,general-core,general-core,bab05,bab05|topik-core,bab05,bab,workbook+topik
kv0457,식당,sik-dang,restaurant,noun,2,places-buildings,places-buildings,bab03|bab04|bab07|bab08|bab10|bab19|bab20,topik1-vocab|bab03|bab04|bab07|bab08|bab10|bab19|bab20|test-intermediate-1|test-level-2-mock|test-level-2-practice|test-intermediate-reading-3|test-topik-ii-level-3-practice-2|topik-core,topik1-vocab,topik-vocab,workbook+topik
kv0458,십이월,sip-i-ueol,december,noun,2,general-core,general-core,bab08,bab08|topik-core,bab08,bab,workbook+topik
kv0459,종이,jong-i,paper,noun,2,general-core,general-core,bab15,bab15|test-level-2-mock|test-level-2-practice|test-intermediate-reading-3|topik-core,bab15,bab,workbook+topik
kv0460,대답,dae-dap,an answer,noun,2,communication-media,communication-media,bab02,bab02|topik-core,bab02,bab,workbook+topik
kv0461,춤,chum,dance,noun,2,hobbies-sports,hobbies-sports,bab06|bab20,bab06|bab20|topik-core,bab06,bab,workbook+topik
kv0462,드리다,deu-ri-da,to give (honorific),verb,2,greetings-politeness,greetings-politeness,bab11|bab17,bab11|bab17|test-level-2-mock|topik-core,bab11,bab,workbook+topik
kv0463,깨끗하다,ggae-ggeus-ha-da,to be clean,adjective,2,home-household,home-household|descriptions-qualities,bab05|bab06,bab05|bab06|topik-core,bab05,bab,workbook+topik
kv0464,과일,goa-il,fruit,noun,2,food-drink,food-drink,bab02|bab14|bab20,topik1-vocab|bab02|bab14|bab20|test-level-2-mock|test-reading-skills-set|test-reading-20|test-intermediate-reading-3|topik-core,topik1-vocab,topik-vocab,workbook+topik
kv0465,시월,si-ueol,october,noun,2,general-core,general-core,bab08|bab09,bab08|bab09|topik-core,bab08,bab,workbook+topik
kv0466,어서,eo-seo,quickly 2) kindly,adverb,2,verbs-actions,verbs-actions,bab12|bab13|bab20,bab12|bab13|bab20|topik-core,bab12,bab,workbook+topik
kv0467,가방,ga-bang,bag,noun,2,general-core,general-core,bab02|bab04|bab05|bab07,bab02|bab04|bab05|bab07|test-intermediate-1|test-level-2-practice|topik-core,bab02,bab,workbook+topik
kv0468,방학,bang-hak,school vacation,noun,2,school-study,school-study|time-calendar|animals-nature,bab09|bab19,bab09|bab19|topik-core,bab09,bab,workbook+topik
kv0469,요리,yo-ri,cooking / cuisine,noun,2,people-occupations,people-occupations,bab06|bab18|bab20,bab06|bab18|bab20|test-level-2-practice|test-topik-ii-level-3-practice-2|topik-core,bab06,bab,workbook+topik
kv0470,서두르다,seo-du-reu-da,to hurry,verb,2,verbs-actions,verbs-actions,bab18,bab18,bab18,bab,workbook
kv0471,숙제,suk-je,homework,noun,2,school-study,school-study|places-buildings|home-household,bab14,bab14|test-level-2-practice|test-reading-skills-set|topik-core,bab14,bab,workbook+topik
kv0472,책상,chaek-sang,desk,noun,2,home-household,home-household,bab02|bab07,bab02|bab07|topik-core,bab02,bab,workbook+topik
kv0473,춥다,chup-da,to be cold (weather),adjective,2,body-health,body-health|weather-seasons|descriptions-qualities,bab05|bab06|bab10|bab15|bab20,topik1-vocab|bab05|bab06|bab10|bab15|bab20|test-intermediate-1|test-level-1-2-practice|test-reading-skills-set|test-reading-20|test-intermediate-advanced-2|test-intermediate-reading-1|test-topik-ii-level-3-practice-2|topik-core,topik1-vocab,topik-vocab,workbook+topik
kv0474,무겁다,mu-geop-da,to be heavy,adjective,2,descriptions-qualities,descriptions-qualities,bab05|bab06,bab05|bab06|test-level-2-practice|topik-core,bab05,bab,workbook+topik
kv0475,침대,chim-dae,bed,noun,2,home-household,home-household,bab07,bab07|topik-core,bab07,bab,workbook+topik
kv0476,권,gueon,a volume or a book,dependent noun,2,numbers-counters,numbers-counters,bab15,bab15|topik-core,bab15,bab,workbook+topik
kv0477,시계,si-gye,clock / watch,noun,2,general-core,general-core,bab02|bab04,bab02|bab04|topik-core,bab02,bab,workbook+topik
kv0478,일월,il-ueol,january,noun,2,general-core,general-core,bab08,bab08|topik-core,bab08,bab,workbook+topik
kv0479,도서관,do-seo-goan,library,noun,2,school-study,school-study,bab03|bab04|bab06|bab08|bab09|bab13|bab14|bab16|bab19,topik1-vocab|bab03|bab04|bab06|bab08|bab09|bab13|bab14|bab16|bab19|test-intermediate-1|test-level-1-2-practice|test-level-2-mock|test-level-2-practice|test-reading-skills-set|test-intermediate-advanced-2|test-intermediate-reading-3|test-intermediate-reading-1|test-topik-ii-level-3-practice-2|topik-core,topik1-vocab,topik-vocab,workbook+topik
kv0480,선물,seon-mul,gift / present,noun,2,shopping-money,shopping-money,bab13|bab20,bab13|bab20|test-reading-20|test-intermediate-advanced-2|topik-core,bab13,bab,workbook+topik
kv0481,아주머니,a-ju-meo-ni,"an aunt, a respectable word for a married, older woman",noun,2,family-relationships,family-relationships|communication-media,bab15,bab15|topik-core,bab15,bab,workbook+topik
kv0482,지하철,ji-ha-cheol,subway,noun,2,transport-directions,transport-directions,bab16|bab18,topik1-vocab|bab16|bab18|test-level-2-mock|test-level-2-practice|test-intermediate-advanced-2|test-intermediate-reading-3|test-intermediate-reading-1|test-topik-ii-level-3-practice-2|topik-core,topik1-vocab,topik-vocab,workbook+topik
kv0483,이월,i-ueol,february,noun,2,general-core,general-core,bab08|bab09,bab08|bab09|topik-core,bab08,bab,workbook+topik
kv0484,일요일,il-yo-il,Sunday,noun,2,time-calendar,time-calendar,bab08|bab10,topik1-vocab|bab08|bab10|test-intermediate-1|test-level-1-2-practice|test-level-2-mock|test-reading-skills-set|test-reading-20|test-intermediate-reading-1|test-topik-ii-level-3-practice-2|topik-core,topik1-vocab,topik-vocab,workbook+topik
kv0485,비싸다,bi-ssa-da,to be expensive,adjective,2,shopping-money,shopping-money|descriptions-qualities,bab05|bab06|bab10,topik1-vocab|bab05|bab06|bab10|test-intermediate-1|test-intermediate-advanced-2|test-intermediate-reading-3|test-intermediate-reading-1|test-topik-ii-level-3-practice-2|topik-core,topik1-vocab,topik-vocab,workbook+topik
kv0486,왼쪽,oin-jjok,left side,noun,2,transport-directions,transport-directions,bab17,bab17|topik-core,bab17,bab,workbook+topik
kv0487,택시,taek-si,taxi,noun,2,transport-directions,transport-directions,bab16|bab17|bab18,topik1-vocab|bab16|bab17|bab18|test-intermediate-reading-3|topik-core,topik1-vocab,topik-vocab,workbook+topik
kv0488,시원하다,si-ueon-ha-da,to be cool / refreshing,adjective,2,weather-seasons,weather-seasons|descriptions-qualities,bab06,bab06|topik-core,bab06,bab,workbook+topik
kv0489,않다,anh-da,"to not be, to not do",verb,2,verbs-actions,verbs-actions,bab10,bab10|test-intermediate-1|test-level-2-mock|test-level-2-practice|test-reading-20|test-intermediate-advanced-2|test-intermediate-reading-3|test-intermediate-reading-1|test-topik-ii-level-3-practice-2|topik-core,bab10,bab,workbook+topik
kv0490,공무원,gong-mu-ueon,civil servant,noun,2,people-occupations,people-occupations,bab11,bab11,bab11,bab,workbook
kv0491,오른쪽,o-reun-jjok,right side,noun,2,transport-directions,transport-directions,bab17,bab17|topik-core,bab17,bab,workbook+topik
kv0492,지도,ji-do,"map, atlas",noun,2,general-core,general-core,bab17,bab17|topik-core,bab17,bab,workbook+topik
kv0493,화장실,hoa-jang-sil,restroom / bathroom,noun,2,places-buildings,places-buildings|home-household,bab04|bab05|bab07|bab08,bab04|bab05|bab07|bab08|topik-core,bab04,bab,workbook+topik
kv0494,주말,ju-mal,weekend,noun,2,time-calendar,time-calendar,bab10|bab19|bab20,bab10|bab19|bab20|test-intermediate-1|test-level-1-2-practice|test-level-2-practice|test-reading-skills-set|test-reading-20|test-intermediate-advanced-2|test-intermediate-reading-3|test-intermediate-reading-1|test-topik-ii-level-3-practice-2|topik-core,bab10,bab,workbook+topik
kv0495,내년,nae-nyeon,next year,noun,2,time-calendar,time-calendar|body-health,bab13,bab13|topik-core,bab13,bab,workbook+topik
kv0496,닫다,dat-da,to close,verb,2,daily-life-actions,daily-life-actions,bab03|bab20,bab03|bab20|test-intermediate-1|test-level-2-mock|test-level-2-practice|test-topik-ii-level-3-practice-2|topik-core,bab03,bab,workbook+topik
kv0497,생일,saeng-il,birthday,noun,2,time-calendar,time-calendar|events-celebrations,bab08|bab09|bab10|bab11|bab13|bab16|bab17|bab18|bab20,topik1-vocab|bab08|bab09|bab10|bab11|bab13|bab16|bab17|bab18|bab20|test-level-2-mock|test-reading-skills-set|test-reading-20|topik-core,topik1-vocab,topik-vocab,workbook+topik
kv0498,백화점,baek-hoa-jeom,department store,noun,2,places-buildings,places-buildings|travel-movement,bab04|bab10|bab19,topik1-vocab|bab04|bab10|bab19|test-topik-ii-level-3-practice-2|topik-core,topik1-vocab,topik-vocab,workbook+topik
kv0499,출발하다,chul-bal-ha-da,to depart / leave,verb,2,travel-movement,travel-movement,bab18,bab18|test-level-1-2-practice|test-level-2-mock|test-intermediate-advanced-2|test-topik-ii-level-3-practice-2|topik-core,bab18,bab,workbook+topik
kv0500,고양이,go-yang-i,cat,noun,2,animals-nature,animals-nature,bab15|bab20,bab15|bab20|topik-core,bab15,bab,workbook+topik
kv0501,가수,ga-su,singer,noun,2,people-occupations,people-occupations,bab01|bab02|bab11,bab01|bab02|bab11|topik-core,bab01,bab,workbook+topik
kv0502,약,yak,medicine,noun,2,body-health,body-health,bab18,bab18|topik-core,bab18,bab,workbook+topik
kv0503,창문,chang-mun,window,noun,2,home-household,home-household|weather-seasons,bab07|bab17,bab07|bab17|test-topik-ii-level-3-practice-2|topik-core,bab07,bab,workbook+topik
kv0504,우유,u-yu,milk,noun,2,food-drink,food-drink,bab02|bab04|bab14|bab17|bab18,topik1-vocab|bab02|bab04|bab14|bab17|bab18|test-reading-20|test-intermediate-reading-3|test-intermediate-reading-1|topik-core,topik1-vocab,topik-vocab,workbook+topik
kv0505,십일월,sip-il-ueol,november,noun,2,general-core,general-core,bab08,bab08|topik-core,bab08,bab,workbook+topik
kv0506,빵,bbang,bread,noun,2,food-drink,food-drink|communication-media,bab08|bab10|bab11|bab17|bab18|bab20,topik1-vocab|bab08|bab10|bab11|bab17|bab18|bab20|test-reading-20|test-intermediate-reading-3|topik-core,topik1-vocab,topik-vocab,workbook+topik
kv0507,어제,eo-je,yesterday,noun,2,time-calendar,time-calendar,bab10|bab11|bab12|bab13|bab14|bab15|bab16|bab18|bab19,topik1-vocab|bab10|bab11|bab12|bab13|bab14|bab15|bab16|bab18|bab19|test-intermediate-1|test-level-2-mock|test-level-2-practice|test-reading-20|test-intermediate-advanced-2|test-topik-ii-level-3-practice-2|topik-core,topik1-vocab,topik-vocab,workbook+topik
kv0508,위험하다,ui-heom-ha-da,to be dangerous,adjective,2,descriptions-qualities,descriptions-qualities,bab18,bab18|test-intermediate-reading-3|topik-core,bab18,bab,workbook+topik
kv0509,주,ju,week,noun,2,time-calendar,time-calendar,bab08|bab13|bab15|bab17,bab08|bab13|bab15|bab17|topik-core,bab08,bab,workbook+topik
kv0510,도와주다,do-oa-ju-da,to help,verb,2,verbs-actions,verbs-actions,bab17|bab20,bab17|bab20|topik-core,bab17,bab,workbook+topik
kv0511,김치,gim-chi,kimchi,noun,2,food-drink,food-drink,bab10,topik1-vocab|bab10|test-level-1-2-practice|test-level-2-mock|test-level-2-practice|test-reading-20|topik-core,topik1-vocab,topik-vocab,workbook+topik
kv0512,싸다,ssa-da,to be cheap,adjective,2,shopping-money,shopping-money|descriptions-qualities,bab05|bab06|bab10,topik1-vocab|bab05|bab06|bab10|test-level-1-2-practice|test-intermediate-advanced-2|test-intermediate-reading-3|topik-core,topik1-vocab,topik-vocab,workbook+topik
kv0513,점심,jeom-sim,lunch / noon,noun,2,time-calendar,time-calendar,bab09|bab12|bab14|bab18,topik1-vocab|bab09|bab12|bab14|bab18|test-intermediate-1|test-level-1-2-practice|test-level-2-practice|test-reading-skills-set|test-intermediate-reading-3|test-intermediate-reading-1|topik-core,topik1-vocab,topik-vocab,workbook+topik
kv0514,슬프다,seul-peu-da,to be sad,adjective,2,feelings-emotions,feelings-emotions|descriptions-qualities,bab12,bab12|topik-core,bab12,bab,workbook+topik
kv0515,의자,eui-ja,chair,noun,2,home-household,home-household|clothing-appearance,bab02|bab07,bab02|bab07|topik-core,bab02,bab,workbook+topik
kv0516,토요일,to-yo-il,Saturday,noun,2,time-calendar,time-calendar,bab08|bab09|bab19,topik1-vocab|bab08|bab09|bab19|test-intermediate-1|test-level-1-2-practice|test-level-2-mock|test-reading-skills-set|test-reading-20|test-intermediate-reading-1|test-topik-ii-level-3-practice-2|topik-core,topik1-vocab,topik-vocab,workbook+topik
kv0517,백,baek,hundreds of,determiner,2,numbers-counters,numbers-counters,bab15,bab15|test-intermediate-1|test-level-2-practice|test-intermediate-advanced-2|test-topik-ii-level-3-practice-2|topik-core,bab15,bab,workbook+topik
kv0518,추다,chu-da,to dance,verb,2,hobbies-sports,hobbies-sports,bab06|bab20,bab06|bab20|topik-core,bab06,bab,workbook+topik
kv0519,공항,gong-hang,airport,noun,2,places-buildings,places-buildings,bab16|bab18,topik1-vocab|bab16|bab18|topik-core,topik1-vocab,topik-vocab,workbook+topik
kv0520,아니요,a-ni-yo,"no, that's not the case",interjection,2,clothing-appearance,clothing-appearance,bab01|bab02|bab04|bab05|bab06|bab07|bab09|bab10|bab11|bab12|bab13|bab15|bab17|bab19,topik1-vocab|bab01|bab02|bab04|bab05|bab06|bab07|bab09|bab10|bab11|bab12|bab13|bab15|bab17|bab19|test-level-1-2-practice|test-level-2-mock|test-reading-skills-set|topik-core,topik1-vocab,topik-vocab,workbook+topik
kv0521,치마,chi-ma,skirt,noun,2,clothing-appearance,clothing-appearance|hobbies-sports,bab11,bab11|topik-core,bab11,bab,workbook+topik
kv0522,호텔,ho-tel,hotel,noun,2,general-core,general-core,bab04,topik1-vocab|bab04|topik-core,topik1-vocab,topik-vocab,workbook+topik
kv0523,청소,cheong-so,cleaning,noun,2,home-household,home-household|descriptions-qualities,bab06|bab10|bab20,bab06|bab10|bab20|test-intermediate-1|test-intermediate-advanced-2|topik-core,bab06,bab,workbook+topik
kv0524,운동장,un-dong-jang,playground / athletic field,noun,2,general-core,general-core,bab04|bab07,bab04|bab07|test-intermediate-1|topik-core,bab04,bab,workbook+topik
kv0525,잠깐,jam-ggan,for a little while,noun,2,general-core,general-core,bab14,bab14|topik-core,bab14,bab,workbook+topik
kv0526,요즈음,yo-jeu-eum,"recently, nowadays",noun,2,time-calendar,time-calendar,bab18,bab18|topik-core,bab18,bab,workbook+topik
kv0527,바지,ba-ji,pants / trousers,noun,2,clothing-appearance,clothing-appearance,bab05,bab05|topik-core,bab05,bab,workbook+topik
kv0528,싫어하다,silh-eo-ha-da,to dislike,verb,2,feelings-emotions,feelings-emotions,bab10|bab11,topik1-vocab|bab10|bab11|test-level-2-mock|test-level-2-practice|test-intermediate-advanced-2|topik-core,topik1-vocab,topik-vocab,workbook+topik
kv0529,피곤하다,pi-gon-ha-da,to be tired,adjective,2,body-health,body-health|descriptions-qualities,bab12|bab19,bab12|bab19|test-intermediate-reading-3|test-topik-ii-level-3-practice-2|topik-core,bab12,bab,workbook+topik
kv0530,한국어,han-guk-eo,Korean language,noun,2,countries-languages,countries-languages|communication-media,bab03|bab05|bab06|bab08|bab09|bab10|bab11|bab12|bab15|bab16,bab03|bab05|bab06|bab08|bab09|bab10|bab11|bab12|bab15|bab16|test-intermediate-1|test-level-1-2-practice|test-level-2-mock|test-level-2-practice|test-reading-skills-set|test-reading-20|test-intermediate-advanced-2|test-intermediate-reading-3|test-intermediate-reading-1|test-topik-ii-level-3-practice-2|topik-core,bab03,bab,workbook+topik
kv0531,덥다,deop-da,to be hot (weather),adjective,2,weather-seasons,weather-seasons|descriptions-qualities,bab05|bab06|bab19,topik1-vocab|bab05|bab06|bab19|test-level-2-mock|test-reading-20|topik-core,topik1-vocab,topik-vocab,workbook+topik
kv0532,야구,ya-gu,baseball,noun,2,hobbies-sports,hobbies-sports,bab05|bab12|bab13,bab05|bab12|bab13|test-level-1-2-practice|topik-core,bab05,bab,workbook+topik
kv0533,죄송하다,joi-song-ha-da,"to be regret, be sorry for",adjective,2,descriptions-qualities,descriptions-qualities,bab17,bab17|topik-core,bab17,bab,workbook+topik
kv0534,셋,ses,three,numeral,2,numbers-counters,numbers-counters,bab09,topik1-vocab|bab09|topik-core,topik1-vocab,topik-vocab,workbook+topik
kv0535,생선,saeng-seon,fish (as food),noun,2,food-drink,food-drink,bab15,topik1-vocab|bab15|test-level-2-mock|topik-core,topik1-vocab,topik-vocab,workbook+topik
kv0536,유학,yu-hak,study abroad,noun,2,school-study,school-study|transport-directions,bab18,bab18,bab18,bab,workbook
kv0537,맥주,maek-ju,beer,noun,2,food-drink,food-drink,bab08|bab10|bab12|bab14|bab16|bab20,bab08|bab10|bab12|bab14|bab16|bab20|topik-core,bab08,bab,workbook+topik
kv0538,수영,su-yeong,swimming,noun,2,hobbies-sports,hobbies-sports,bab05|bab06|bab10|bab17|bab20,bab05|bab06|bab10|bab17|bab20|test-level-1-2-practice|topik-core,bab05,bab,workbook+topik
kv0539,기차,gi-cha,train,noun,2,transport-directions,transport-directions|weather-seasons,bab16|bab17,topik1-vocab|bab16|bab17|topik-core,topik1-vocab,topik-vocab,workbook+topik
kv0540,공원,gong-ueon,park,noun,2,places-buildings,places-buildings,bab04|bab06|bab07|bab10|bab11|bab14|bab20,topik1-vocab|bab04|bab06|bab07|bab10|bab11|bab14|bab20|test-level-2-practice|topik-core,topik1-vocab,topik-vocab,workbook+topik
kv0541,천,cheon,thousand,determiner,2,numbers-counters,numbers-counters,bab07,bab07|test-intermediate-1|test-level-1-2-practice|topik-core,bab07,bab,workbook+topik
kv0542,구두,gu-du,dress shoes,noun,2,clothing-appearance,clothing-appearance,bab04|bab06|bab07|bab20,bab04|bab06|bab07|bab20|topik-core,bab04,bab,workbook+topik
kv0543,사과,sa-goa,apple,noun,2,food-drink,food-drink,bab02|bab10|bab15,topik1-vocab|bab02|bab10|bab15|test-level-2-mock|test-reading-skills-set|test-reading-20|topik-core,topik1-vocab,topik-vocab,workbook+topik
kv0544,냉장고,naeng-jang-go,refrigerator,noun,2,home-household,home-household,bab07,bab07|test-intermediate-reading-1|topik-core,bab07,bab,workbook+topik
kv0545,감기,gam-gi,cold / flu,noun,2,body-health,body-health,bab18,bab18|test-intermediate-advanced-2|test-topik-ii-level-3-practice-2|topik-core,bab18,bab,workbook+topik
kv0546,노래하다,no-rae-ha-da,to sing,verb,2,verbs-actions,verbs-actions,bab06|bab08|bab10|bab11|bab17|bab20,bab06|bab08|bab10|bab11|bab17|bab20|topik-core,bab06,bab,workbook+topik
kv0547,연필,yeon-pil,pencil,noun,2,school-study,school-study,bab02|bab05,bab02|bab05|topik-core,bab02,bab,workbook+topik
kv0548,운전,un-jeon,driving,noun,2,general-core,general-core,bab12,bab12|topik-core,bab12,bab,workbook+topik
kv0549,불고기,bul-go-gi,bulgogi,noun,2,food-drink,food-drink|travel-movement,bab04|bab11,bab04|bab11|test-reading-20|topik-core,bab04,bab,workbook+topik
kv0550,모자,mo-ja,hat,noun,2,clothing-appearance,clothing-appearance,bab04|bab05|bab20,bab04|bab05|bab20|test-level-2-practice|test-intermediate-reading-3|topik-core,bab04,bab,workbook+topik
kv0551,역,yeok,station,noun,2,places-buildings,places-buildings,bab16,bab16|topik-core,bab16,bab,workbook+topik
kv0552,오렌지,o-ren-ji,orange,noun,2,food-drink,food-drink,bab02|bab03|bab15,bab02|bab03|bab15|topik-core,bab02,bab,workbook+topik
kv0553,저것,jeo-geos,that thing over there,pronoun,2,questions-pronouns,questions-pronouns|clothing-appearance,bab02|bab06,bab02|bab06|topik-core,bab02,bab,workbook+topik
kv0554,수박,su-bak,watermelon,noun,2,food-drink,food-drink,bab02,bab02|topik-core,bab02,bab,workbook+topik
kv0555,안녕히,an-nyeong-hi,peacefully,adverb,2,greetings-politeness,greetings-politeness,bab01,bab01|topik-core,bab01,bab,workbook+topik
kv0556,전화하다,jeon-hoa-ha-da,to call / telephone,verb,2,communication-media,communication-media,bab03|bab06|bab11|bab17|bab20,bab03|bab06|bab11|bab17|bab20|topik-core,bab03,bab,workbook+topik
kv0557,피아노,pi-a-no,piano,noun,2,hobbies-sports,hobbies-sports,bab12|bab13|bab19,bab12|bab13|bab19|topik-core,bab12,bab,workbook+topik
kv0558,축하하다,chuk-ha-ha-da,to congratulate / celebrate,verb,2,time-calendar,time-calendar|events-celebrations,bab08,bab08|topik-core,bab08,bab,workbook+topik
kv0559,찬물,chan-mul,cold water,noun,2,food-drink,food-drink|body-health,bab18,bab18,bab18,bab,workbook
kv0560,기숙사,gi-suk-sa,dormitory,noun,2,school-study,school-study,bab06|bab07|bab14|bab16|bab18|bab19|bab20,bab06|bab07|bab14|bab16|bab18|bab19|bab20|topik-core,bab06,bab,workbook+topik
kv0561,산책,san-chaek,walk / stroll,noun,2,hobbies-sports,hobbies-sports|travel-movement,bab06|bab14|bab20,bab06|bab14|bab20|test-reading-20|test-intermediate-reading-1|topik-core,bab06,bab,workbook+topik
kv0562,시끄럽다,si-ggeu-reop-da,to be noisy,adjective,2,descriptions-qualities,descriptions-qualities,bab16|bab19,bab16|bab19,bab16,bab,workbook
kv0563,운동하다,un-dong-ha-da,to exercise,verb,2,hobbies-sports,hobbies-sports,bab03|bab04|bab06|bab08|bab13,bab03|bab04|bab06|bab08|bab13|test-level-2-mock|test-level-2-practice|test-reading-skills-set|test-intermediate-reading-3|test-topik-ii-level-3-practice-2|topik-core,bab03,bab,workbook+topik
kv0564,월요일,ueol-yo-il,Monday,noun,2,time-calendar,time-calendar,bab08|bab09|bab13,topik1-vocab|bab08|bab09|bab13|test-intermediate-1|test-level-1-2-practice|test-level-2-mock|test-reading-skills-set|test-reading-20|test-intermediate-reading-3|test-intermediate-reading-1|test-topik-ii-level-3-practice-2|topik-core,topik1-vocab,topik-vocab,workbook+topik
kv0565,청소하다,cheong-so-ha-da,to clean,verb,2,home-household,home-household|descriptions-qualities|daily-life-actions,bab04|bab06|bab11|bab18|bab20,bab04|bab06|bab11|bab18|bab20|test-intermediate-1|topik-core,bab04,bab,workbook+topik
kv0566,등산,deung-san,hiking / mountain climbing,noun,2,animals-nature,animals-nature|hobbies-sports,bab06|bab10|bab14,bab06|bab10|bab14|test-intermediate-advanced-2|test-intermediate-reading-3|topik-core,bab06,bab,workbook+topik
kv0567,외국어,oi-guk-eo,foreign language,noun,2,countries-languages,countries-languages|communication-media,bab12,bab12|test-intermediate-reading-3|topik-core,bab12,bab,workbook+topik
kv0568,테니스,te-ni-seu,tennis,noun,2,hobbies-sports,hobbies-sports,bab05|bab06|bab12,bab05|bab06|bab12|topik-core,bab05,bab,workbook+topik
kv0569,공책,gong-chaek,notebook,noun,2,school-study,school-study,bab02|bab15,bab02|bab15|topik-core,bab02,bab,workbook+topik
kv0570,똑바로,ddok-ba-ro,straight / directly,adverb,2,transport-directions,transport-directions|adverbs-connectors,bab17|bab18,bab17|bab18|topik-core,bab17,bab,workbook+topik
kv0571,서점,seo-jeom,bookstore,noun,2,places-buildings,places-buildings,bab04|bab07|bab08,bab04|bab07|bab08|topik-core,bab04,bab,workbook+topik
kv0572,재미없다,jae-mi-eops-da,to be boring / uninteresting,adjective,2,feelings-emotions,feelings-emotions|descriptions-qualities,bab05|bab06,bab05|bab06|test-intermediate-1|topik-core,bab05,bab,workbook+topik
kv0573,주스,ju-seu,juice,noun,2,food-drink,food-drink,bab02|bab03,bab02|bab03|topik-core,bab02,bab,workbook+topik
kv0574,콜라,kol-ra,cola,noun,2,food-drink,food-drink,bab02|bab11|bab15,bab02|bab11|bab15|topik-core,bab02,bab,workbook+topik
kv0575,우체국,u-che-guk,post office,noun,2,places-buildings,places-buildings,bab04|bab05|bab06|bab07|bab08,topik1-vocab|bab04|bab05|bab06|bab07|bab08|topik-core,topik1-vocab,topik-vocab,workbook+topik
kv0576,고프다,go-peu-da,to be hungry,adjective,2,food-drink,food-drink|descriptions-qualities,bab12,bab12|test-level-2-practice|topik-core,bab12,bab,workbook+topik
kv0577,삼,sam,three,numeral,2,general-core,general-core,bab07,topik1-vocab|bab07|topik-core,topik1-vocab,topik-vocab,workbook+topik
kv0578,여행하다,yeo-haeng-ha-da,to travel,verb,2,travel-movement,travel-movement,bab19,bab19|test-level-2-mock|topik-core,bab19,bab,workbook+topik
kv0579,정류장,jeong-ryu-jang,bus stop,noun,2,transport-directions,transport-directions,bab16,bab16|topik-core,bab16,bab,workbook+topik
kv0580,맵다,maep-da,to be spicy,adjective,2,descriptions-qualities,descriptions-qualities,bab05|bab10|bab20,bab05|bab10|bab20|test-intermediate-1|test-level-2-mock|test-level-2-practice|test-intermediate-reading-3|test-topik-ii-level-3-practice-2|topik-core,bab05,bab,workbook+topik
kv0581,여동생,yeo-dong-saeng,younger sister,noun,2,family-relationships,family-relationships,bab11,topik1-vocab|bab11|topik-core,topik1-vocab,topik-vocab,workbook+topik
kv0582,태권도,tae-gueon-do,taekwondo,noun,2,hobbies-sports,hobbies-sports,bab04|bab05|bab06|bab09|bab10|bab12|bab13|bab14,bab04|bab05|bab06|bab09|bab10|bab12|bab13|bab14|topik-core,bab04,bab,workbook+topik
kv0583,햄버거,haem-beo-geo,hamburger,noun,2,general-core,general-core,bab06,bab06|topik-core,bab06,bab,workbook+topik
kv0584,월,ueol,a month,dependent noun,2,time-calendar,time-calendar,bab08|bab09,bab08|bab09|test-level-2-mock|test-intermediate-reading-1|topik-core,bab08,bab,workbook+topik
kv0585,넷,nes,4,numeral,2,numbers-counters,numbers-counters,bab09,topik1-vocab|bab09|topik-core,topik1-vocab,topik-vocab,workbook+topik
kv0586,사전,sa-jeon,dictionary,noun,2,school-study,school-study,bab02|bab20,bab02|bab20|topik-core,bab02,bab,workbook+topik
kv0587,약국,yak-guk,pharmacy,noun,2,places-buildings,places-buildings,bab04|bab07,topik1-vocab|bab04|bab07|topik-core,topik1-vocab,topik-vocab,workbook+topik
kv0588,간호사,gan-ho-sa,nurse,noun,2,people-occupations,people-occupations,bab01|bab02|bab11,topik1-vocab|bab01|bab02|bab11|topik-core,topik1-vocab,topik-vocab,workbook+topik
kv0589,다섯,da-seos,5,numeral,2,numbers-counters,numbers-counters,bab09|bab11|bab16,topik1-vocab|bab09|bab11|bab16|topik-core,topik1-vocab,topik-vocab,workbook+topik
kv0590,금요일,geum-yo-il,Friday,noun,2,time-calendar,time-calendar,bab08|bab13,topik1-vocab|bab08|bab13|test-intermediate-1|test-level-1-2-practice|test-level-2-mock|test-reading-skills-set|test-reading-20|test-topik-ii-level-3-practice-2|topik-core,topik1-vocab,topik-vocab,workbook+topik
kv0591,김밥,gim-bap,gimbap,noun,2,food-drink,food-drink,bab06|bab20,bab06|bab20|test-reading-skills-set|topik-core,bab06,bab,workbook+topik
kv0592,바나나,ba-na-na,banana,noun,2,food-drink,food-drink,bab02|bab03|bab05|bab18|bab20,topik1-vocab|bab02|bab03|bab05|bab18|bab20|test-level-2-mock|topik-core,topik1-vocab,topik-vocab,workbook+topik
kv0593,수요일,su-yo-il,Wednesday,noun,2,time-calendar,time-calendar,bab08|bab09|bab13,topik1-vocab|bab08|bab09|bab13|topik-core,topik1-vocab,topik-vocab,workbook+topik
kv0594,운전하다,un-jeon-ha-da,to drive,verb,2,verbs-actions,verbs-actions,bab12|bab17,bab12|bab17|topik-core,bab12,bab,workbook+topik
kv0595,딸기,ddal-gi,strawberry,noun,2,food-drink,food-drink,bab02|bab04|bab11|bab20,bab02|bab04|bab11|bab20|topik-core,bab02,bab,workbook+topik
kv0596,피자,pi-ja,pizza,noun,2,food-drink,food-drink,bab08|bab11,bab08|bab11|topik-core,bab08,bab,workbook+topik
kv0597,포도,po-do,grape,noun,2,food-drink,food-drink,bab02|bab10|bab18,bab02|bab10|bab18|topik-core,bab02,bab,workbook+topik
kv0598,횡단보도,hoing-dan-bo-do,crosswalk,noun,2,transport-directions,transport-directions|travel-movement,bab17,bab17,bab17,bab,workbook
kv0599,남동생,nam-dong-saeng,younger brother,noun,2,family-relationships,family-relationships,bab11,topik1-vocab|bab11|topik-core,topik1-vocab,topik-vocab,workbook+topik
kv0600,쇼핑,syo-ping,shopping,noun,2,places-buildings,places-buildings|shopping-money,bab04|bab06,bab04|bab06|test-intermediate-advanced-2|test-intermediate-reading-1|test-topik-ii-level-3-practice-2|topik-core,bab04,bab,workbook+topik
kv0601,스키,seu-ki,skiing / skis,noun,2,hobbies-sports,hobbies-sports,bab05|bab06|bab12|bab17,bab05|bab06|bab12|bab17|topik-core,bab05,bab,workbook+topik
kv0602,열,yeol,fever / heat,noun,2,numbers-counters,numbers-counters|body-health,bab09|bab15,topik1-vocab|bab09|bab15|topik-core,topik1-vocab,topik-vocab,workbook+topik
kv0603,운동화,un-dong-hoa,sneakers,noun,2,clothing-appearance,clothing-appearance,bab06|bab11|bab15|bab20,bab06|bab11|bab15|bab20|topik-core,bab06,bab,workbook+topik
kv0604,마흔,ma-heun,forty,numeral,2,numbers-counters,numbers-counters,bab15,bab15|topik-core,bab15,bab,workbook+topik
kv0605,배구,bae-gu,volleyball,noun,2,hobbies-sports,hobbies-sports,bab12,bab12,bab12,bab,workbook
kv0606,스물,seu-mul,twenty,numeral,2,numbers-counters,numbers-counters,bab09|bab15,bab09|bab15|topik-core,bab09,bab,workbook+topik
kv0607,청바지,cheong-ba-ji,jeans,noun,2,clothing-appearance,clothing-appearance,bab04,bab04|topik-core,bab04,bab,workbook+topik
kv0608,칠판,chil-pan,blackboard / chalkboard,noun,2,school-study,school-study,bab02,bab02|topik-core,bab02,bab,workbook+topik
kv0609,구,gu,nine,numeral,2,general-core,general-core,bab07,topik1-vocab|bab07|topik-core,topik1-vocab,topik-vocab,workbook+topik
kv0610,다이어트,da-i-eo-teu,diet,noun,2,general-core,general-core,bab18,bab18,bab18,bab,workbook
kv0611,목요일,mok-yo-il,Thursday,noun,2,time-calendar,time-calendar,bab08|bab13,topik1-vocab|bab08|bab13|topik-core,topik1-vocab,topik-vocab,workbook+topik
kv0612,지우개,ji-u-gae,eraser,noun,2,school-study,school-study,bab02,bab02|topik-core,bab02,bab,workbook+topik
kv0613,사,sa,four,numeral,2,general-core,general-core,bab07|bab17,topik1-vocab|bab07|bab17|topik-core,topik1-vocab,topik-vocab,workbook+topik
kv0614,수영장,su-yeong-jang,swimming pool,noun,2,places-buildings,places-buildings|hobbies-sports,bab08|bab17|bab20,bab08|bab17|bab20|test-topik-ii-level-3-practice-2|topik-core,bab08,bab,workbook+topik
kv0615,일본어,il-bon-eo,Japanese language,noun,2,countries-languages,countries-languages|communication-media,bab09|bab18,bab09|bab18|topik-core,bab09,bab,workbook+topik
kv0616,서른,seo-reun,thirty,numeral,2,numbers-counters,numbers-counters,bab15,bab15|topik-core,bab15,bab,workbook+topik
kv0617,아홉,a-hop,nine,numeral,2,numbers-counters,numbers-counters,bab09,topik1-vocab|bab09|topik-core,topik1-vocab,topik-vocab,workbook+topik
kv0618,장미,jang-mi,a rose,noun,2,general-core,general-core,bab10,bab10|topik-core,bab10,bab,workbook+topik
kv0619,비빔밥,bi-bim-bap,bibimbap / mixed rice dish,noun,2,food-drink,food-drink,bab11,bab11|test-level-1-2-practice|test-reading-20|topik-core,bab11,bab,workbook+topik
kv0620,여든,yeo-deun,eighty,numeral,2,numbers-counters,numbers-counters,bab15,bab15|topik-core,bab15,bab,workbook+topik
kv0621,일흔,il-heun,seventy,numeral,2,numbers-counters,numbers-counters|events-celebrations,bab15,bab15|topik-core,bab15,bab,workbook+topik
kv0622,화요일,hoa-yo-il,Tuesday,noun,2,time-calendar,time-calendar,bab08|bab09|bab13,topik1-vocab|bab08|bab09|bab13|test-level-1-2-practice|test-level-2-mock|test-reading-20|test-intermediate-reading-3|test-intermediate-reading-1|topik-core,topik1-vocab,topik-vocab,workbook+topik
kv0623,요리하다,yo-ri-ha-da,to cook,verb,2,people-occupations,people-occupations|daily-life-actions,bab04|bab20,bab04|bab20|test-level-2-practice|topik-core,bab04,bab,workbook+topik
kv0624,칠,chil,seven,numeral,2,general-core,general-core,bab07|bab09|bab12,topik1-vocab|bab07|bab09|bab12|topik-core,topik1-vocab,topik-vocab,workbook+topik
kv0625,맛없다,mas-eops-da,to taste bad,adjective,2,descriptions-qualities,descriptions-qualities,bab05|bab06|bab12,bab05|bab06|bab12|test-intermediate-1|test-level-2-practice|topik-core,bab05,bab,workbook+topik
kv0626,사십,sa-sip,40,numeral,2,general-core,general-core,bab07|bab09,bab07|bab09|topik-core,bab07,bab,workbook+topik
kv0627,여섯,yeo-seos,six,numeral,2,numbers-counters,numbers-counters,bab09,topik1-vocab|bab09|topik-core,topik1-vocab,topik-vocab,workbook+topik
kv0628,육,yuk,the number six,numeral,2,general-core,general-core,bab07,topik1-vocab|bab07|topik-core,topik1-vocab,topik-vocab,workbook+topik
kv0629,일곱,il-gop,seven,numeral,2,numbers-counters,numbers-counters,bab09,topik1-vocab|bab09|topik-core,topik1-vocab,topik-vocab,workbook+topik
kv0630,삼십,sam-sip,30,numeral,2,general-core,general-core,bab09|bab16,bab09|bab16|topik-core,bab09,bab,workbook+topik
kv0631,오십,o-sip,fifty,numeral,2,general-core,general-core,bab09,bab09|test-intermediate-reading-3|topik-core,bab09,bab,workbook+topik
kv0632,주차하다,ju-cha-ha-da,to park a vehicle,verb,2,places-buildings,places-buildings,bab18,bab18,bab18,bab,workbook
kv0633,칠십,chil-sip,seventy,numeral,2,events-celebrations,events-celebrations,bab07,bab07|topik-core,bab07,bab,workbook+topik
kv0634,예순,ye-sun,sixty yrs old,numeral,2,numbers-counters,numbers-counters,bab15,bab15|topik-core,bab15,bab,workbook+topik
kv0635,오,o,five,numeral,2,general-core,general-core,bab03|bab07,topik1-vocab|bab03|bab07|topik-core,topik1-vocab,topik-vocab,workbook+topik
kv0636,십,sip,10,numeral,2,general-core,general-core,bab07|bab09,topik1-vocab|bab07|bab09|test-level-2-mock|topik-core,topik1-vocab,topik-vocab,workbook+topik
kv0637,쉰,suin,50,numeral,2,numbers-counters,numbers-counters,bab15,bab15|test-intermediate-reading-3|test-topik-ii-level-3-practice-2|topik-core,bab15,bab,workbook+topik
kv0638,여덟,yeo-deolp,eight,numeral,2,numbers-counters,numbers-counters,bab09,topik1-vocab|bab09|topik-core,topik1-vocab,topik-vocab,workbook+topik
kv0639,아흔,a-heun,ninety,numeral,2,numbers-counters,numbers-counters,bab15,bab15|topik-core,bab15,bab,workbook+topik
kv0640,이십,i-sip,twenty,numeral,2,general-core,general-core,bab07|bab08,bab07|bab08|topik-core,bab07,bab,workbook+topik
kv0641,감사합니다,gam-sa-hap-ni-da,thank you,expression,2,greetings-politeness,greetings-politeness,bab01,topik1-vocab|bab01|test-level-1-2-practice|test-reading-skills-set,topik1-vocab,topik-vocab,workbook+topik
kv0642,경주,gyeong-ju,Gyeongju,proper noun,2,general-core,general-core,bab17,bab17|topik-core,bab17,bab,workbook+topik
kv0643,고맙습니다,go-map-seup-ni-da,thank you,expression,2,greetings-politeness,greetings-politeness,bab01,topik1-vocab|bab01|test-intermediate-reading-1,topik1-vocab,topik-vocab,workbook+topik
kv0644,괜찮아요,goaen-chanh-a-yo,it is okay / I am okay,expression,2,greetings-politeness,greetings-politeness,bab01,topik1-vocab|bab01|test-level-1-2-practice|test-level-2-mock,topik1-vocab,topik-vocab,workbook+topik
kv0645,그건,geu-geon,that (contracted topic form),pronoun,2,questions-pronouns,questions-pronouns,bab02,bab02,bab02,bab,workbook
kv0646,그루,geu-ru,counter for trees / plants,counter,2,numbers-counters,numbers-counters|animals-nature,bab15,bab15,bab15,bab,workbook
kv0647,놀이공원,nol-i-gong-ueon,amusement park,noun,2,places-buildings,places-buildings,bab04|bab14,bab04|bab14,bab04,bab,workbook
kv0648,다음 주,da-eum ju,next week,noun,2,time-calendar,time-calendar,bab13|bab20,bab13|bab20,bab13,bab,workbook
kv0649,독일,dok-il,Germany,proper noun,2,countries-languages,countries-languages|descriptions-qualities,bab01|bab02,bab01|bab02|topik-core,bab01,bab,workbook+topik
kv0650,드시다,deu-si-da,to eat / drink (honorific),verb,2,greetings-politeness,greetings-politeness|daily-life-actions,bab11|bab20,bab11|bab20|test-level-1-2-practice,bab11,bab,workbook+topik
kv0651,등록하다,deung-rok-ha-da,to register,verb,2,school-study,school-study,bab19,bab19,bab19,bab,workbook
kv0652,등산화,deung-san-hoa,hiking shoes,noun,2,clothing-appearance,clothing-appearance|hobbies-sports,bab18,bab18,bab18,bab,workbook
kv0653,러시아,reo-si-a,Russia,proper noun,2,countries-languages,countries-languages,bab01,bab01|test-reading-20|topik-core,bab01,bab,workbook+topik
kv0654,만나서 반가워요,man-na-seo ban-ga-ueo-yo,nice to meet you,expression,2,greetings-politeness,greetings-politeness,bab01,bab01,bab01,bab,workbook
kv0655,만화책,man-hoa-chaek,comic book,noun,2,hobbies-sports,hobbies-sports,bab06|bab19,bab06|bab19,bab06,bab,workbook
kv0656,매점,mae-jeom,snack bar / school store,noun,2,school-study,school-study|places-buildings,bab08|bab20,bab08|bab20,bab08,bab,workbook
kv0657,머리를 감다,meo-ri-reul gam-da,to wash one’s hair,phrase,2,clothing-appearance,clothing-appearance|daily-life-actions,bab13,bab13,bab13,bab,workbook
kv0658,목욕하다,mok-yok-ha-da,to bathe,verb,2,verbs-actions,verbs-actions,bab03,bab03,bab03,bab,workbook
kv0659,뭐예요,mueo-ye-yo,what is it?,expression,2,questions-pronouns,questions-pronouns,bab02,bab02|test-level-1-2-practice|test-reading-20,bab02,bab,workbook+topik
kv0660,뭘요,mueol-yo,not at all / you are welcome,expression,2,greetings-politeness,greetings-politeness,bab01,bab01,bab01,bab,workbook
kv0661,미국,mi-guk,United States,proper noun,2,countries-languages,countries-languages,bab01|bab02|bab09|bab16|bab17,bab01|bab02|bab09|bab16|bab17|topik-core,bab01,bab,workbook+topik
kv0662,미역국,mi-yeok-guk,seaweed soup,noun,2,food-drink,food-drink|animals-nature,bab08|bab10,bab08|bab10,bab08,bab,workbook
kv0663,미용사,mi-yong-sa,hairdresser / beautician,noun,2,people-occupations,people-occupations|clothing-appearance,bab11,bab11,bab11,bab,workbook
kv0664,미용실,mi-yong-sil,hair salon,noun,2,places-buildings,places-buildings|clothing-appearance,bab04,bab04,bab04,bab,workbook
kv0665,벌,beol,counter for sets of clothes,counter,2,numbers-counters,numbers-counters|clothing-appearance,bab15,bab15,bab15,bab,workbook
kv0666,베트남,be-teu-nam,Vietnam,proper noun,2,countries-languages,countries-languages,bab01|bab16|bab20,bab01|bab16|bab20,bab01,bab,workbook
kv0667,보름,bo-reum,fifteen days / half a month,noun,2,time-calendar,time-calendar,bab18,bab18,bab18,bab,workbook
kv0668,부산,bu-san,Busan,proper noun,2,transport-directions,transport-directions,bab12|bab16|bab17,bab12|bab16|bab17|topik-core,bab12,bab,workbook+topik
kv0669,빨래하다,bbal-rae-ha-da,to do laundry,verb,2,home-household,home-household|daily-life-actions,bab06,bab06,bab06,bab,workbook
kv0670,산책하다,san-chaek-ha-da,to take a walk,verb,2,travel-movement,travel-movement,bab13|bab20,bab13|bab20|test-intermediate-reading-1,bab13,bab,workbook+topik
kv0671,생일 파티,saeng-il pa-ti,birthday party,noun,2,events-celebrations,events-celebrations,bab09|bab11|bab14|bab18|bab20,bab09|bab11|bab14|bab18|bab20|topik-core,bab09,bab,workbook+topik
kv0672,샤워하다,sya-ueo-ha-da,to shower,verb,2,verbs-actions,verbs-actions,bab19,bab19,bab19,bab,workbook
kv0673,서울,seo-ul,Seoul,proper noun,2,general-core,general-core,bab13|bab16|bab17,bab13|bab16|bab17|topik-core,bab13,bab,workbook+topik
kv0674,쇼핑하다,syo-ping-ha-da,to shop,verb,2,places-buildings,places-buildings|daily-life-actions,bab06|bab08,bab06|bab08|test-level-2-practice,bab06,bab,workbook+topik
kv0675,수업하다,su-eop-ha-da,to teach / hold a class,verb,2,school-study,school-study|food-drink,bab19,bab19,bab19,bab,workbook
kv0676,수영하다,su-yeong-ha-da,to swim,verb,2,hobbies-sports,hobbies-sports,bab06|bab08|bab18,bab06|bab08|bab18,bab06,bab,workbook
kv0677,심심하다,sim-sim-ha-da,to be bored,adjective,2,feelings-emotions,feelings-emotions|descriptions-qualities,bab19,bab19|test-topik-ii-level-3-practice-2,bab19,bab,workbook+topik
kv0678,아침 식사,a-chim sik-sa,breakfast,noun,2,food-drink,food-drink|time-calendar,bab18,bab18,bab18,bab,workbook
kv0679,아흐레,a-heu-re,nine days,noun,2,time-calendar,time-calendar,bab18,bab18,bab18,bab,workbook
kv0680,안과,an-goa,eye clinic,noun,2,places-buildings,places-buildings|body-health,bab19,bab19,bab19,bab,workbook
kv0681,안녕하세요,an-nyeong-ha-se-yo,hello,expression,2,greetings-politeness,greetings-politeness,bab01,topik1-vocab|bab01|test-level-1-2-practice|test-reading-skills-set|test-reading-20,topik1-vocab,topik-vocab,workbook+topik
kv0682,안녕히 가세요,an-nyeong-hi ga-se-yo,goodbye (to someone leaving),expression,2,greetings-politeness,greetings-politeness,bab01,topik1-vocab|bab01,topik1-vocab,topik-vocab,workbook+topik
kv0683,안녕히 계세요,an-nyeong-hi gye-se-yo,goodbye (to someone staying),expression,2,greetings-politeness,greetings-politeness,bab01,topik1-vocab|bab01,topik1-vocab,topik-vocab,workbook+topik
kv0684,여객선 터미널,yeo-gaek-seon teo-mi-neol,passenger ferry terminal,noun,2,transport-directions,transport-directions|places-buildings,bab16,bab16|topik-core,bab16,bab,workbook+topik
kv0685,여드레,yeo-deu-re,eight days,noun,2,time-calendar,time-calendar,bab18,bab18,bab18,bab,workbook
kv0686,엿새,yeos-sae,six days,noun,2,time-calendar,time-calendar,bab18,bab18,bab18,bab,workbook
kv0687,영국,yeong-guk,United Kingdom,proper noun,2,countries-languages,countries-languages,bab01|bab02,bab01|bab02|topik-core,bab01,bab,workbook+topik
kv0688,영화관,yeong-hoa-goan,movie theater,noun,2,places-buildings,places-buildings|hobbies-sports,bab04|bab08,bab04|bab08,bab04,bab,workbook
kv0689,오전반,o-jeon-ban,morning class,noun,2,school-study,school-study|time-calendar,bab19,bab19|topik-core,bab19,bab,workbook+topik
kv0690,오토바이,o-to-ba-i,motorcycle,noun,2,transport-directions,transport-directions,bab18,bab18,bab18,bab,workbook
kv0691,오후반,o-hu-ban,afternoon class,noun,2,school-study,school-study|time-calendar,bab19,bab19|topik-core,bab19,bab,workbook+topik
kv0692,옷장,os-jang,wardrobe / closet,noun,2,home-household,home-household,bab07,bab07,bab07,bab,workbook
kv0693,외식,oi-sik,eating out,noun,2,general-core,general-core,bab18,bab18,bab18,bab,workbook
kv0694,요리사,yo-ri-sa,cook / chef,noun,2,people-occupations,people-occupations,bab01|bab11,bab01|bab11,bab01,bab,workbook
kv0695,우회전,u-hoi-jeon,right turn,noun,2,transport-directions,transport-directions,bab17,bab17,bab17,bab,workbook
kv0696,이건,i-geon,this (contracted topic form),pronoun,2,questions-pronouns,questions-pronouns,bab02,bab02,bab02,bab,workbook
kv0697,이레,i-re,seven days,noun,2,time-calendar,time-calendar,bab18,bab18,bab18,bab,workbook
kv0698,이를 닦다,i-reul dakk-da,to brush one’s teeth,phrase,2,daily-life-actions,daily-life-actions,bab09,bab09,bab09,bab,workbook
kv0699,이메일,i-me-il,email,noun,2,communication-media,communication-media,bab13,bab13,bab13,bab,workbook
kv0700,이번 달,i-beon dal,this month,noun,2,time-calendar,time-calendar,bab13|bab20,bab13|bab20,bab13,bab,workbook
kv0701,인도네시아,in-do-ne-si-a,Indonesia,proper noun,2,countries-languages,countries-languages,bab16,bab16|test-level-1-2-practice,bab16,bab,workbook+topik
kv0702,일본,il-bon,Japan,proper noun,2,countries-languages,countries-languages,bab01|bab02|bab06|bab12|bab13|bab17,bab01|bab02|bab06|bab12|bab13|bab17|test-reading-20|topik-core,bab01,bab,workbook+topik
kv0703,자켓,ja-kes,jacket,noun,2,clothing-appearance,clothing-appearance,bab04,bab04,bab04,bab,workbook
kv0704,저건,jeo-geon,that over there (contracted topic form),pronoun,2,questions-pronouns,questions-pronouns,bab02,bab02,bab02,bab,workbook
kv0705,전자사전,jeon-ja-sa-jeon,electronic dictionary,noun,2,school-study,school-study,bab02|bab08,bab02|bab08,bab02,bab,workbook
kv0706,제주도,je-ju-do,Jeju Island,proper noun,2,general-core,general-core,bab14,bab14|topik-core,bab14,bab,workbook+topik
kv0707,좌회전,joa-hoi-jeon,left turn,noun,2,transport-directions,transport-directions,bab17|bab18,bab17|bab18|topik-core,bab17,bab,workbook+topik
kv0708,죄송합니다,joi-song-hap-ni-da,I am sorry,expression,2,greetings-politeness,greetings-politeness,bab01|bab17,topik1-vocab|bab01|bab17|test-reading-skills-set,topik1-vocab,topik-vocab,workbook+topik
kv0709,주말반,ju-mal-ban,weekend class,noun,2,school-study,school-study|time-calendar,bab19,bab19|topik-core,bab19,bab,workbook+topik
kv0710,중국,jung-guk,China,proper noun,2,countries-languages,countries-languages,bab01|bab02|bab03|bab10|bab17,bab01|bab02|bab03|bab10|bab17|test-reading-20|topik-core,bab01,bab,workbook+topik
kv0711,중급반,jung-geup-ban,intermediate class,noun,2,school-study,school-study,bab19,bab19|topik-core,bab19,bab,workbook+topik
kv0712,직진,jik-jin,going straight,noun,2,transport-directions,transport-directions,bab17,bab17|topik-core,bab17,bab,workbook+topik
kv0713,진지,jin-ji,meal (honorific),noun,2,food-drink,food-drink,bab11,bab11,bab11,bab,workbook
kv0714,쯤,jjeum,about / approximately,particle,2,adverbs-connectors,adverbs-connectors,bab19,bab19,bab19,bab,workbook
kv0715,체육관,che-yuk-goan,gymnasium,noun,2,places-buildings,places-buildings,bab19,bab19,bab19,bab,workbook
kv0716,초급반,cho-geup-ban,beginner class,noun,2,school-study,school-study,bab19,bab19,bab19,bab,workbook
kv0717,캐나다,kae-na-da,Canada,proper noun,2,countries-languages,countries-languages,bab01|bab16,bab01|bab16|topik-core,bab01,bab,workbook+topik
kv0718,커피숍,keo-pi-syop,coffee shop,noun,2,places-buildings,places-buildings|food-drink,bab03|bab08|bab20,bab03|bab08|bab20,bab03,bab,workbook
kv0719,컴퓨터실,keom-pyu-teo-sil,computer lab,noun,2,general-core,general-core,bab10,bab10,bab10,bab,workbook
kv0720,케이크,ke-i-keu,cake,noun,2,food-drink,food-drink,bab12|bab20,bab12|bab20,bab12,bab,workbook
kv0721,케이팝,ke-i-pap,K-pop,noun,2,general-core,general-core,bab10,bab10,bab10,bab,workbook
kv0722,켤레,kyeol-re,counter for pairs,counter,2,numbers-counters,numbers-counters,bab15,bab15,bab15,bab,workbook
kv0723,타고 가다,ta-go ga-da,to go by riding / take transportation,phrase,2,transport-directions,transport-directions|hobbies-sports|travel-movement,bab17,bab17,bab17,bab,workbook
kv0724,탁구,tak-gu,table tennis,noun,2,hobbies-sports,hobbies-sports,bab06|bab12,bab06|bab12,bab06,bab,workbook
kv0725,파인애플,pa-in-ae-peul,pineapple,noun,2,food-drink,food-drink,bab02,bab02,bab02,bab,workbook
kv0726,판,pan,counter for rounds / flat items,counter,2,numbers-counters,numbers-counters,bab15|bab16,bab15|bab16|test-intermediate-reading-3,bab15,bab,workbook+topik
kv0727,편의점,pyeon-eui-jeom,convenience store,noun,2,places-buildings,places-buildings,bab07|bab14,bab07|bab14|test-intermediate-1,bab07,bab,workbook+topik
kv0728,프랑스어,peu-rang-seu-eo,French language,noun,2,countries-languages,countries-languages|communication-media,bab12|bab19,bab12|bab19,bab12,bab,workbook
kv0729,한 권,han gueon,one volume / book,counter phrase,2,numbers-counters,numbers-counters,bab15,bab15,bab15,bab,workbook
kv0730,한 그루,han geu-ru,one tree / plant,counter phrase,2,numbers-counters,numbers-counters|animals-nature,bab15,bab15,bab15,bab,workbook
kv0731,한 마리,han ma-ri,one animal,counter phrase,2,numbers-counters,numbers-counters|animals-nature,bab15,bab15,bab15,bab,workbook
kv0732,한 벌,han beol,one set of clothes,counter phrase,2,numbers-counters,numbers-counters|clothing-appearance,bab15,bab15,bab15,bab,workbook
kv0733,한 병,han byeong,one bottle,counter phrase,2,numbers-counters,numbers-counters,bab15,bab15,bab15,bab,workbook
kv0734,한 잔,han jan,one cup / glass,counter phrase,2,numbers-counters,numbers-counters|food-drink,bab15|bab16,bab15|bab16,bab15,bab,workbook
kv0735,한 장,han jang,one sheet / ticket,counter phrase,2,numbers-counters,numbers-counters,bab15,bab15,bab15,bab,workbook
kv0736,한 켤레,han kyeol-re,one pair (shoes/socks),counter phrase,2,numbers-counters,numbers-counters|clothing-appearance,bab15,bab15,bab15,bab,workbook
kv0737,한 판,han pan,one whole round / pizza,counter phrase,2,numbers-counters,numbers-counters,bab15|bab16,bab15|bab16,bab15,bab,workbook
kv0738,한국,han-guk,South Korea / Korea,proper noun,2,countries-languages,countries-languages,bab01|bab02|bab04|bab05|bab06|bab10|bab12|bab13|bab14|bab16|bab17,bab01|bab02|bab04|bab05|bab06|bab10|bab12|bab13|bab14|bab16|bab17|test-intermediate-1|test-level-1-2-practice|test-level-2-mock|test-level-2-practice|test-reading-skills-set|test-reading-20|test-intermediate-advanced-2|test-intermediate-reading-3|test-intermediate-reading-1|test-topik-ii-level-3-practice-2|topik-core,bab01,bab,workbook+topik
kv0739,한국 영화,han-guk yeong-hoa,Korean movie,noun phrase,2,hobbies-sports,hobbies-sports,bab10,bab10,bab10,bab,workbook
kv0740,한국 요리,han-guk yo-ri,Korean food / cuisine,noun phrase,2,food-drink,food-drink,bab14,bab14,bab14,bab,workbook
kv0741,한라산,han-ra-san,Hallasan Mountain,proper noun,2,animals-nature,animals-nature,bab14,bab14,bab14,bab,workbook
kv0742,호주,ho-ju,Australia,proper noun,2,countries-languages,countries-languages,bab01|bab02|bab13|bab16|bab17,bab01|bab02|bab13|bab16|bab17|topik-core,bab01,bab,workbook+topik
kv0743,회사원,hoi-sa-ueon,office worker,noun,2,people-occupations,people-occupations,bab01|bab11,topik1-vocab|bab01|bab11|test-reading-skills-set|test-reading-20,topik1-vocab,topik-vocab,workbook+topik
kv0744,휴게실,hyu-ge-sil,lounge / break room,noun,2,places-buildings,places-buildings|home-household,bab10,bab10,bab10,bab,workbook
kv0745,즐겁다,jeul-geop-da,"to be pleasant, agreeable",adjective,2,descriptions-qualities,descriptions-qualities,,topik-core,topik-core,topik-extra,topik
kv0746,사월,sa-ueol,april,noun,2,general-core,general-core,,topik-core,topik-core,topik-extra,topik
kv0747,싸우다,ssa-u-da,to fight,verb,2,verbs-actions,verbs-actions,,topik-core,topik-core,topik-extra,topik
kv0748,나중,na-jung,"the last, the latter part",noun,2,general-core,general-core,,topik-core,topik-core,topik-extra,topik
kv0749,며칠,myeo-chil,for how many days,noun,2,time-calendar,time-calendar|descriptions-qualities,,topik-core,topik-core,topik-extra,topik
kv0750,작년,jak-nyeon,last year,noun,2,time-calendar,time-calendar|body-health,,topik-core,topik-core,topik-extra,topik
kv0751,내려가다,nae-ryeo-ga-da,to go down,verb,2,travel-movement,travel-movement,,topik-core,topik-core,topik-extra,topik
kv0752,고기,go-gi,meat / fish flesh,noun,2,food-drink,food-drink,,topik1-vocab|test-level-2-mock|test-intermediate-reading-3|topik-core,topik1-vocab,topik-vocab,topik
kv0753,가져오다,ga-jyeo-o-da,to bring or get,verb,2,verbs-actions,verbs-actions,,test-topik-ii-level-3-practice-2|topik-core,test-topik-ii-level-3-practice-2,topik-test,topik
kv0754,남녀,nam-nyeo,man and woman,noun,2,general-core,general-core,,topik-core,topik-core,topik-extra,topik
kv0755,준비,jun-bi,preparation,noun,2,general-core,general-core,bab20,topik2-level3-vocab|bab20|test-intermediate-reading-3|test-topik-ii-level-3-practice-2|topik-core,topik2-level3-vocab,topik-vocab,workbook+topik
kv0756,허리,heo-ri,"the waist, the small of the back",noun,2,descriptions-qualities,descriptions-qualities,,topik-core,topik-core,topik-extra,topik
kv0757,대답하다,dae-dap-ha-da,to answer,verb,2,communication-media,communication-media,,topik-core,topik-core,topik-extra,topik
kv0758,벗다,beos-da,to take off (clothes),verb,2,clothing-appearance,clothing-appearance,,topik-core,topik-core,topik-extra,topik
kv0759,준비하다,jun-bi-ha-da,to prepare,verb,2,daily-life-actions,daily-life-actions,bab20,bab20|test-intermediate-advanced-2|test-intermediate-reading-3|topik-core,bab20,bab,workbook+topik
kv0760,돕다,dop-da,"to aid, assist, help",verb,2,verbs-actions,verbs-actions,,test-level-1-2-practice|test-level-2-mock|topik-core,test-level-1-2-practice,topik-test,topik
kv0761,사장,sa-jang,company boss,noun,2,general-core,general-core,bab20,bab20|topik-core,bab20,bab,workbook+topik
kv0762,키,ki,"stature, height",noun,2,general-core,general-core,,topik-core,topik-core,topik-extra,topik
kv0763,걱정,geok-jeong,worry,noun,2,general-core,general-core,,topik2-level4-vocab|topik-core,topik2-level4-vocab,topik-vocab,topik
kv0764,결혼하다,gyeol-hon-ha-da,to get married,verb,2,verbs-actions,verbs-actions,,topik-core,topik-core,topik-extra,topik
kv0765,근처,geun-cheo,nearby area,noun,2,transport-directions,transport-directions|body-health|descriptions-qualities,,test-intermediate-1|topik-core,test-intermediate-1,topik-test,topik
kv0766,낮,naj,daytime,noun,2,time-calendar,time-calendar,,topik-core,topik-core,topik-extra,topik
kv0767,인사,in-sa,greetings  human resources,noun,2,general-core,general-core,,topik-core,topik-core,topik-extra,topik
kv0768,소금,so-geum,salt,noun,2,general-core,general-core,,topik-core,topik-core,topik-extra,topik
kv0769,거리,geo-ri,street / distance,noun,2,animals-nature,animals-nature,,topik-core,topik-core,topik-extra,topik
kv0770,한글,han-geul,korean writing system,noun,2,general-core,general-core,,topik-core,topik-core,topik-extra,topik
kv0771,손가락,son-ga-rak,a finger,noun,2,general-core,general-core,,topik-core,topik-core,topik-extra,topik
kv0772,급,geup,class or grade or rank,noun,2,school-study,school-study,,topik-core,topik-core,topik-extra,topik
kv0773,동물,dong-mul,animal,noun,2,animals-nature,animals-nature,,test-reading-skills-set|topik-core,test-reading-skills-set,topik-test,topik
kv0774,건강하다,geon-gang-ha-da,to be healthy,adjective,2,body-health,body-health|descriptions-qualities,,test-intermediate-1|test-level-1-2-practice|test-reading-20|topik-core,test-intermediate-1,topik-test,topik
kv0775,왜냐하면,oae-nya-ha-myeon,because,adverb,2,verbs-actions,verbs-actions,,topik-core,topik-core,topik-extra,topik
kv0776,도착하다,do-chak-ha-da,to arrive,verb,2,travel-movement,travel-movement,,test-intermediate-reading-3|topik-core,test-intermediate-reading-3,topik-test,topik
kv0777,코,ko,nose,noun,2,body-health,body-health,,test-level-1-2-practice|topik-core,test-level-1-2-practice,topik-test,topik
kv0778,고등학교,go-deung-hak-gyo,a senior high school,noun,2,school-study,school-study|descriptions-qualities,,topik-core,topik-core,topik-extra,topik
kv0779,별,byeol,a star,noun,2,general-core,general-core,,topik-core,topik-core,topik-extra,topik
kv0780,똑같다,ddok-gat-da,to be the same,adjective,2,descriptions-qualities,descriptions-qualities,,topik-core,topik-core,topik-extra,topik
kv0781,말씀하다,mal-sseum-ha-da,to speak (honorific),verb,2,communication-media,communication-media,,topik-core,topik-core,topik-extra,topik
kv0782,보통,bo-tong,the normal,noun,2,general-core,general-core,,topik1-vocab|test-intermediate-1|topik-core,topik1-vocab,topik-vocab,topik
kv0783,소개하다,so-gae-ha-da,to introduce,verb,2,communication-media,communication-media,,topik-core,topik-core,topik-extra,topik
kv0784,칠월,chil-ueol,month of July,noun,2,time-calendar,time-calendar,,topik-core,topik-core,topik-extra,topik
kv0785,컵,keop,cup,noun,2,general-core,general-core,,topik-core,topik-core,topik-extra,topik
kv0786,재미,jae-mi,"amusement, enjoyment",noun,2,general-core,general-core,,topik-core,topik-core,topik-extra,topik
kv0787,떡,ddeok,rice cake,noun,2,food-drink,food-drink,bab20,topik1-vocab|bab20|topik-core,topik1-vocab,topik-vocab,workbook+topik
kv0788,끝내다,ggeut-nae-da,"to end, to put an end to, to finish",verb,2,time-calendar,time-calendar|daily-life-actions,,topik-core,topik-core,topik-extra,topik
kv0789,시작,si-jak,the beginning,noun,2,general-core,general-core,,test-intermediate-1|test-reading-skills-set|test-intermediate-advanced-2|topik-core,test-intermediate-1,topik-test,topik
kv0790,일주일,il-ju-il,one whole day,noun,2,time-calendar,time-calendar,,topik-core,topik-core,topik-extra,topik
kv0791,물어보다,mul-eo-bo-da,to ask,verb,2,communication-media,communication-media,,topik-core,topik-core,topik-extra,topik
kv0792,미안하다,mi-an-ha-da,to be sorry,adjective,2,descriptions-qualities,descriptions-qualities,,topik-core,topik-core,topik-extra,topik
kv0793,스트레스,seu-teu-re-seu,stress,noun,2,general-core,general-core,,topik2-level4-vocab|test-intermediate-advanced-2|test-intermediate-reading-3|topik-core,topik2-level4-vocab,topik-vocab,topik
kv0794,박물관,bak-mul-goan,museum,noun,2,general-core,general-core,,topik-core,topik-core,topik-extra,topik
kv0795,팔월,pal-ueol,august,noun,2,general-core,general-core,,topik-core,topik-core,topik-extra,topik
kv0796,호,ho,"a pen name, a title; a number, an issue",dependent noun,2,communication-media,communication-media,,topik-core,topik-core,topik-extra,topik
kv0797,그릇,geu-reus,a vessel or receptacle,noun,2,general-core,general-core,,topik-core,topik-core,topik-extra,topik
kv0798,라디오,ra-di-o,radio,noun,2,general-core,general-core,,topik-core,topik-core,topik-extra,topik
kv0799,남쪽,nam-jjok,south side,noun,2,general-core,general-core,,topik-core,topik-core,topik-extra,topik
kv0800,색깔,saek-ggal,color,noun,2,general-core,general-core,,topik-core,topik-core,topik-extra,topik
kv0801,유명하다,yu-myeong-ha-da,to be famous,adjective,2,descriptions-qualities,descriptions-qualities,,topik-core,topik-core,topik-extra,topik
kv0802,외국인,oi-guk-in,"a foreigner, a foreign national",noun,2,general-core,general-core,,topik-core,topik-core,topik-extra,topik
kv0803,부인,bu-in,my wife,noun,2,family-relationships,family-relationships,,topik-core,topik-core,topik-extra,topik
kv0804,뛰다,ddui-da,"to dance, hop, jump, ran",verb,2,hobbies-sports,hobbies-sports,,test-intermediate-reading-3|topik-core,test-intermediate-reading-3,topik-test,topik
kv0805,우산,u-san,umbrella,noun,2,clothing-appearance,clothing-appearance,,test-intermediate-1|test-level-1-2-practice|test-level-2-mock|test-level-2-practice|test-intermediate-advanced-2|test-intermediate-reading-3|test-intermediate-reading-1|test-topik-ii-level-3-practice-2|topik-core,test-intermediate-1,topik-test,topik
kv0806,지난달,ji-nan-dal,last month,noun,2,time-calendar,time-calendar,,topik-core,topik-core,topik-extra,topik
kv0807,둘째,dul-jjae,second,numeral,2,general-core,general-core,,topik-core,topik-core,topik-extra,topik
kv0808,잎,ip,a leaf,noun,2,general-core,general-core,,topik-core,topik-core,topik-extra,topik
kv0809,천천히,cheon-cheon-hi,slowly,adverb,2,adverbs-connectors,adverbs-connectors|descriptions-qualities,,topik1-vocab|topik-core,topik1-vocab,topik-vocab,topik
kv0810,스포츠,seu-po-cheu,sports,noun,2,hobbies-sports,hobbies-sports,,topik-core,topik-core,topik-extra,topik
kv0811,저기,jeo-gi,over there,pronoun,2,questions-pronouns,questions-pronouns,,test-intermediate-1|topik-core,test-intermediate-1,topik-test,topik
kv0812,교회,gyo-hoi,preach or moral instruction,noun,2,general-core,general-core,,topik-core,topik-core,topik-extra,topik
kv0813,화,hoa,anger,noun,2,general-core,general-core,,test-intermediate-advanced-2|test-intermediate-reading-1|topik-core,test-intermediate-advanced-2,topik-test,topik
kv0814,첫째,cheos-jjae,the first,numeral,2,general-core,general-core,,topik-core,topik-core,topik-extra,topik
kv0815,위험,ui-heom,danger,noun,2,general-core,general-core,,topik-core,topik-core,topik-extra,topik
kv0816,지하,ji-ha,underground,noun,2,general-core,general-core,bab20,bab20|topik-core,bab20,bab,workbook+topik
kv0817,사무실,sa-mu-sil,office,noun,2,general-core,general-core,,topik-core,topik-core,topik-extra,topik
kv0818,강,gang,river,noun,2,animals-nature,animals-nature,,test-intermediate-1|test-level-1-2-practice|test-level-2-mock|test-reading-20|topik-core,test-intermediate-1,topik-test,topik
kv0819,잡지,jap-ji,a magazine,noun,2,general-core,general-core,,topik-core,topik-core,topik-extra,topik
kv0820,댁,daek,you and your family,noun,2,family-relationships,family-relationships,,topik-core,topik-core,topik-extra,topik
kv0821,반갑다,ban-gap-da,to be be happy,adjective,2,feelings-emotions,feelings-emotions|descriptions-qualities,,topik-core,topik-core,topik-extra,topik
kv0822,다녀오다,da-nyeo-o-da,to drop in for a short visit,verb,2,descriptions-qualities,descriptions-qualities,,topik-core,topik-core,topik-extra,topik
kv0823,비디오,bi-di-o,video,noun,2,general-core,general-core,,topik-core,topik-core,topik-extra,topik
kv0824,이쪽,i-jjok,"this side, our way",pronoun,2,questions-pronouns,questions-pronouns,,topik-core,topik-core,topik-extra,topik
kv0825,연습,yeon-seup,"practice, exercise",noun,2,hobbies-sports,hobbies-sports,,test-intermediate-reading-3|topik-core,test-intermediate-reading-3,topik-test,topik
kv0826,대학생,dae-hak-saeng,university student,noun,2,people-occupations,people-occupations,,topik-core,topik-core,topik-extra,topik
kv0827,걸어가다,geol-eo-ga-da,to go on foot or walk,verb,2,body-health,body-health|travel-movement,,test-intermediate-reading-3|topik-core,test-intermediate-reading-3,topik-test,topik
kv0828,안녕하다,an-nyeong-ha-da,to be to say hello,adjective,2,communication-media,communication-media|descriptions-qualities,,topik-core,topik-core,topik-extra,topik
kv0829,중학교,jung-hak-gyo,middle school,noun,2,school-study,school-study,,topik-core,topik-core,topik-extra,topik
kv0830,흰색,heuin-saek,white,noun,2,general-core,general-core,,topik1-vocab|topik-core,topik1-vocab,topik-vocab,topik
kv0831,저쪽,jeo-jjok,"over there, in that direction",pronoun,2,transport-directions,transport-directions|clothing-appearance,,topik-core,topik-core,topik-extra,topik
kv0832,표,pyo,"a marker, indication",noun,2,animals-nature,animals-nature,,test-intermediate-advanced-2|topik-core,test-intermediate-advanced-2,topik-test,topik
kv0833,거울,geo-ul,1) mirror 2) a pattern or model or exemplar,noun,2,general-core,general-core,,topik-core,topik-core,topik-extra,topik
kv0834,졸업하다,jol-eop-ha-da,to graduate,verb,2,verbs-actions,verbs-actions,,topik-core,topik-core,topik-extra,topik
kv0835,부엌,bu-eok,kitchen,noun,2,home-household,home-household,,topik-core,topik-core,topik-extra,topik
kv0836,북쪽,buk-jjok,the north direction,noun,2,transport-directions,transport-directions,,topik-core,topik-core,topik-extra,topik
kv0837,쇠고기,soi-go-gi,beef,noun,2,general-core,general-core,,topik-core,topik-core,topik-extra,topik
kv0838,카드,ka-deu,card,noun,2,transport-directions,transport-directions,,topik1-vocab|test-intermediate-reading-3|topik-core,topik1-vocab,topik-vocab,topik
kv0839,단어,dan-eo,word,noun,2,communication-media,communication-media,,test-intermediate-reading-3|topik-core,test-intermediate-reading-3,topik-test,topik
kv0840,신발,sin-bal,"shoes, footwear",noun,2,clothing-appearance,clothing-appearance|body-health,,test-level-2-practice|test-intermediate-reading-1|topik-core,test-level-2-practice,topik-test,topik
kv0841,날다,nal-da,to fly,verb,2,verbs-actions,verbs-actions,,topik-core,topik-core,topik-extra,topik
kv0842,설탕,seol-tang,sugar,noun,2,general-core,general-core,bab20,bab20|topik-core,bab20,bab,workbook+topik
kv0843,칼,kal,a knife,noun,2,general-core,general-core,,topik-core,topik-core,topik-extra,topik
kv0844,카메라,ka-me-ra,camera,noun,2,general-core,general-core,,topik-core,topik-core,topik-extra,topik
kv0845,경찰관,gyeong-chal-goan,a policeman,noun,2,people-occupations,people-occupations,,topik-core,topik-core,topik-extra,topik
kv0846,극장,geuk-jang,theater or playhouse,noun,2,places-buildings,places-buildings|home-household,,topik-core,topik-core,topik-extra,topik
kv0847,오랜만,o-raen-man,after a long time,noun,2,time-calendar,time-calendar|descriptions-qualities,,topik-core,topik-core,topik-extra,topik
kv0848,아줌마,a-jum-ma,old or married lady,noun,2,general-core,general-core,,topik-core,topik-core,topik-extra,topik
kv0849,켜다,kyeo-da,"to light, turn on, kindle",verb,2,descriptions-qualities,descriptions-qualities,,topik-core,topik-core,topik-extra,topik
kv0850,군인,gun-in,sb in the military,noun,2,general-core,general-core,,topik-core,topik-core,topik-extra,topik
kv0851,깎다,ggakk-da,to cut or trim,verb,2,verbs-actions,verbs-actions,,topik-core,topik-core,topik-extra,topik
kv0852,걱정하다,geok-jeong-ha-da,to worry or be anxious,verb,2,verbs-actions,verbs-actions,,topik-core,topik-core,topik-extra,topik
kv0853,구름,gu-reum,cloud,noun,2,weather-seasons,weather-seasons,,topik-core,topik-core,topik-extra,topik
kv0854,끄다,ggeu-da,to put out or extinguish,verb,2,daily-life-actions,daily-life-actions,,topik-core,topik-core,topik-extra,topik
kv0855,계절,gye-jeol,a season of the year,noun,2,time-calendar,time-calendar|body-health|animals-nature,,topik2-level3-vocab|topik-core,topik2-level3-vocab,topik-vocab,topik
kv0856,동쪽,dong-jjok,"east, eastward",noun,2,general-core,general-core,,topik-core,topik-core,topik-extra,topik
kv0857,잃어버리다,ilh-eo-beo-ri-da,to lose,verb,2,verbs-actions,verbs-actions,,topik-core,topik-core,topik-extra,topik
kv0858,조용하다,jo-yong-ha-da,to be quiet,adjective,2,descriptions-qualities,descriptions-qualities,,test-intermediate-advanced-2|topik-core,test-intermediate-advanced-2,topik-test,topik
kv0859,한복,han-bok,korean traditional clothing,noun,2,general-core,general-core,,topik-core,topik-core,topik-extra,topik
kv0860,라면,ra-myeon,ramyeon / instant noodles,noun,2,food-drink,food-drink,,topik1-vocab|test-reading-skills-set|test-reading-20|topik-core,topik1-vocab,topik-vocab,topik
kv0861,테이블,te-i-beul,table,noun,2,general-core,general-core,,topik-core,topik-core,topik-extra,topik
kv0862,한자,han-ja,"korean character, derived from chinese",noun,2,general-core,general-core,,topik-core,topik-core,topik-extra,topik
kv0863,안경,an-gyeong,glasses,noun,2,general-core,general-core,bab20,bab20|topik-core,bab20,bab,workbook+topik
kv0864,약속하다,yak-sok-ha-da,to promise / make an appointment,verb,2,events-celebrations,events-celebrations,,topik-core,topik-core,topik-extra,topik
kv0865,취미,chui-mi,a hobby,noun,2,general-core,general-core,,topik2-level3-vocab|test-intermediate-reading-3|topik-core,topik2-level3-vocab,topik-vocab,topik
kv0866,구경,gu-gyeong,an enjoyable sight or spectacle,noun,2,general-core,general-core,,topik-core,topik-core,topik-extra,topik
kv0867,그분,geu-bun,that person,pronoun,2,people-occupations,people-occupations|clothing-appearance,,topik-core,topik-core,topik-extra,topik
kv0868,신다,sin-da,to wear (shoes),verb,2,clothing-appearance,clothing-appearance|body-health,,test-intermediate-reading-3|topik-core,test-intermediate-reading-3,topik-test,topik
kv0869,지우다,ji-u-da,to erase,verb,2,verbs-actions,verbs-actions,,topik-core,topik-core,topik-extra,topik
kv0870,셋째,ses-jjae,the third,numeral,2,general-core,general-core,,topik-core,topik-core,topik-extra,topik
kv0871,졸업,jol-eop,graduation,noun,2,general-core,general-core,,topik2-level3-vocab|topik-core,topik2-level3-vocab,topik-vocab,topik
kv0872,닭,dalk,chicken,noun,2,general-core,general-core,,topik-core,topik-core,topik-extra,topik
kv0873,교과서,gyo-goa-seo,textbook,noun,2,school-study,school-study,,topik-core,topik-core,topik-extra,topik
kv0874,돼지,doae-ji,pig,noun,2,general-core,general-core,,topik-core,topik-core,topik-extra,topik
kv0875,잊어버리다,ij-eo-beo-ri-da,to forget,verb,2,daily-life-actions,daily-life-actions,,topik-core,topik-core,topik-extra,topik
kv0876,식탁,sik-tak,dining table,noun,2,general-core,general-core,,topik-core,topik-core,topik-extra,topik
kv0877,안되다,an-doi-da,to not work / must not,verb,2,verbs-actions,verbs-actions,,topik-core,topik-core,topik-extra,topik
kv0878,날짜,nal-jja,date,noun,2,general-core,general-core,,topik-core,topik-core,topik-extra,topik
kv0879,샌드위치,saen-deu-ui-chi,sandwich,noun,2,general-core,general-core,,topik-core,topik-core,topik-extra,topik
kv0880,그쪽,geu-jjok,those people,pronoun,2,questions-pronouns,questions-pronouns,,topik-core,topik-core,topik-extra,topik
kv0881,검은색,geom-eun-saek,black,noun,2,general-core,general-core,,topik1-vocab|topik-core,topik1-vocab,topik-vocab,topik
kv0882,여보세요,yeo-bo-se-yo,telephone HELLO,interjection,2,communication-media,communication-media,,topik-core,topik-core,topik-extra,topik
kv0883,서쪽,seo-jjok,the west,noun,2,general-core,general-core,,topik-core,topik-core,topik-extra,topik
kv0884,경찰서,gyeong-chal-seo,a police station,noun,2,people-occupations,people-occupations|places-buildings,,test-intermediate-reading-3|topik-core,test-intermediate-reading-3,topik-test,topik
kv0885,여학생,yeo-hak-saeng,female student,noun,2,people-occupations,people-occupations,,topik-core,topik-core,topik-extra,topik
kv0886,결혼식,gyeol-hon-sik,wedding,noun,2,general-core,general-core,,topik-core,topik-core,topik-extra,topik
kv0887,목욕,mok-yok,a bath,noun,2,general-core,general-core,,topik-core,topik-core,topik-extra,topik
kv0888,전화번호,jeon-hoa-beon-ho,telephone number,noun,2,communication-media,communication-media,bab20,bab20|topik-core,bab20,bab,workbook+topik
kv0889,감사하다,gam-sa-ha-da,to be to thank,adjective,2,descriptions-qualities,descriptions-qualities,,topik-core,topik-core,topik-extra,topik
kv0890,지갑,ji-gap,"a purse, wallet",noun,2,general-core,general-core,,test-intermediate-reading-3|topik-core,test-intermediate-reading-3,topik-test,topik
kv0891,친절하다,chin-jeol-ha-da,"to be kind, to be nice",adjective,2,descriptions-qualities,descriptions-qualities,,topik-core,topik-core,topik-extra,topik
kv0892,저거,jeo-geo,that thing over there,pronoun,2,clothing-appearance,clothing-appearance,,topik-core,topik-core,topik-extra,topik
kv0893,걸어오다,geol-eo-o-da,to come on foot or walk,verb,2,body-health,body-health|travel-movement,,topik-core,topik-core,topik-extra,topik
kv0894,소파,so-pa,sofa,noun,2,general-core,general-core,,topik-core,topik-core,topik-extra,topik
kv0895,스무,seu-mu,20,determiner,2,questions-pronouns,questions-pronouns,,test-level-1-2-practice|topik-core,test-level-1-2-practice,topik-test,topik
kv0896,인사하다,in-sa-ha-da,"to greet, say hello",verb,2,communication-media,communication-media,,topik-core,topik-core,topik-extra,topik
kv0897,여권,yeo-gueon,a passport,noun,2,hobbies-sports,hobbies-sports,bab20,bab20|test-level-2-mock|topik-core,bab20,bab,workbook+topik
kv0898,열쇠,yeol-soi,lock,noun,2,general-core,general-core,,topik-core,topik-core,topik-extra,topik
kv0899,번호,beon-ho,a number,noun,2,general-core,general-core,bab20,bab20|topik-core,bab20,bab,workbook+topik
kv0900,과자,goa-ja,a snack or pastries or candy,noun,2,general-core,general-core,,topik-core,topik-core,topik-extra,topik
kv0901,대학교,dae-hak-gyo,university,noun,2,general-core,general-core,,topik-core,topik-core,topik-extra,topik
kv0902,돼지고기,doae-ji-go-gi,"pig meat, pork",noun,2,food-drink,food-drink,,topik-core,topik-core,topik-extra,topik
kv0903,수건,su-geon,handkerchief,noun,2,body-health,body-health,,topik-core,topik-core,topik-extra,topik
kv0904,양복,yang-bok,western European style clothing,noun,2,general-core,general-core,,topik-core,topik-core,topik-extra,topik
kv0905,잠자다,jam-ja-da,to fall asleep,verb,2,weather-seasons,weather-seasons,,topik-core,topik-core,topik-extra,topik
kv0906,젓가락,jeos-ga-rak,a pair of chopsticks,noun,2,general-core,general-core,,topik-core,topik-core,topik-extra,topik
kv0907,주소,ju-so,an address,noun,2,general-core,general-core,,topik-core,topik-core,topik-extra,topik
kv0908,파티,pa-ti,party,noun,2,events-celebrations,events-celebrations,bab20,bab20|test-reading-skills-set|topik-core,bab20,bab,workbook+topik
kv0909,달다,dal-da,to be sweet,adjective,2,descriptions-qualities,descriptions-qualities,,test-level-2-mock|topik-core,test-level-2-mock,topik-test,topik
kv0910,메뉴,me-nyu,menu,noun,2,general-core,general-core,,topik-core,topik-core,topik-extra,topik
kv0911,자장면,ja-jang-myeon,black chinese noodles,noun,2,food-drink,food-drink,,topik-core,topik-core,topik-extra,topik
kv0912,중학생,jung-hak-saeng,middle school student,noun,2,people-occupations,people-occupations|school-study,,topik-core,topik-core,topik-extra,topik
kv0913,휴일,hyu-il,"a day off of work, a holiday",noun,2,time-calendar,time-calendar,,topik-core,topik-core,topik-extra,topik
kv0914,달력,dal-ryeok,a calendar,noun,2,time-calendar,time-calendar,,topik-core,topik-core,topik-extra,topik
kv0915,소풍,so-pung,picnic,noun,2,general-core,general-core,,topik-core,topik-core,topik-extra,topik
kv0916,춤추다,chum-chu-da,to dance,verb,2,hobbies-sports,hobbies-sports,bab20,bab20|topik-core,bab20,bab,workbook+topik
kv0917,양말,yang-mal,a sock,noun,2,general-core,general-core,,topik-core,topik-core,topik-extra,topik
kv0918,초대하다,cho-dae-ha-da,to invide,verb,2,verbs-actions,verbs-actions,bab20,bab20|topik-core,bab20,bab,workbook+topik
kv0919,연습하다,yeon-seup-ha-da,"to practice, exercise",verb,2,hobbies-sports,hobbies-sports,,test-level-2-practice|test-intermediate-advanced-2|test-intermediate-reading-3|topik-core,test-level-2-practice,topik-test,topik
kv0920,경치,gyeong-chi,a scene or scenery,noun,2,general-core,general-core,,topik-core,topik-core,topik-extra,topik
kv0921,발음,bal-eum,pronunciation,noun,2,general-core,general-core,,topik-core,topik-core,topik-extra,topik
kv0922,남학생,nam-hak-saeng,male student,noun,2,people-occupations,people-occupations,,topik-core,topik-core,topik-extra,topik
kv0923,식사하다,sik-sa-ha-da,to eat a meal,verb,2,food-drink,food-drink|daily-life-actions,,topik-core,topik-core,topik-extra,topik
kv0924,대사관,dae-sa-goan,embassy,noun,2,general-core,general-core,,topik-core,topik-core,topik-extra,topik
kv0925,배고프다,bae-go-peu-da,to be hungry,adjective,2,food-drink,food-drink|descriptions-qualities,,test-level-1-2-practice|topik-core,test-level-1-2-practice,topik-test,topik
kv0926,오래간만,o-rae-gan-man,after a long time,noun,2,time-calendar,time-calendar|descriptions-qualities,,topik-core,topik-core,topik-extra,topik
kv0927,점심시간,jeom-sim-si-gan,lunchtime,noun,2,time-calendar,time-calendar,,test-level-2-practice|topik-core,test-level-2-practice,topik-test,topik
kv0928,휴지,hyu-ji,toilet paper,noun,2,general-core,general-core,,topik-core,topik-core,topik-extra,topik
kv0929,넷째,nes-jjae,fourth,numeral,2,general-core,general-core,,topik-core,topik-core,topik-extra,topik
kv0930,감사,gam-sa,thanks,noun,2,general-core,general-core,,topik-core,topik-core,topik-extra,topik
kv0931,슈퍼마켓,syu-peo-ma-kes,supermarket,noun,2,places-buildings,places-buildings,,topik-core,topik-core,topik-extra,topik
kv0932,비누,bi-nu,soap,noun,2,general-core,general-core,,topik-core,topik-core,topik-extra,topik
kv0933,세수,se-su,hand-washing,noun,2,body-health,body-health,,topik-core,topik-core,topik-extra,topik
kv0934,찌개,jji-gae,a pot stew,noun,2,general-core,general-core,,topik-core,topik-core,topik-extra,topik
kv0935,넥타이,nek-ta-i,necktie,noun,2,body-health,body-health,,topik-core,topik-core,topik-extra,topik
kv0936,잡수시다,jap-su-si-da,"to eat, drink",verb,2,daily-life-actions,daily-life-actions,,topik-core,topik-core,topik-extra,topik
kv0937,한국말,han-guk-mal,korean,noun,2,general-core,general-core,,topik-core,topik-core,topik-extra,topik
kv0938,계란,gye-ran,an egg,noun,2,general-core,general-core,,topik-core,topik-core,topik-extra,topik
kv0939,에어컨,e-eo-keon,air conditioner,noun,2,general-core,general-core,,topik-core,topik-core,topik-extra,topik
kv0940,초대,cho-dae,an invitation,noun,2,general-core,general-core,bab20,bab20|topik-core,bab20,bab,workbook+topik
kv0941,실례,sil-rye,"rudeness, impolite",noun,2,general-core,general-core,,topik-core,topik-core,topik-extra,topik
kv0942,안녕,an-nyeong,hello/goodbye,interjection,2,travel-movement,travel-movement,,topik-core,topik-core,topik-extra,topik
kv0943,지난주,ji-nan-ju,last week,noun,2,time-calendar,time-calendar,,topik-core,topik-core,topik-extra,topik
kv0944,고등학생,go-deung-hak-saeng,high school student,noun,2,people-occupations,people-occupations|school-study|descriptions-qualities,,topik-core,topik-core,topik-extra,topik
kv0945,닭고기,dalk-go-gi,chicken meat for eating,noun,2,food-drink,food-drink,,topik-core,topik-core,topik-extra,topik
kv0946,숟가락,sut-ga-rak,a spoon,noun,2,general-core,general-core,,topik-core,topik-core,topik-extra,topik
kv0947,요일,yo-il,day of the week,noun,2,time-calendar,time-calendar,,test-level-2-mock|topik-core,test-level-2-mock,topik-test,topik
kv0948,질문하다,jil-mun-ha-da,to ask a person a question,verb,2,people-occupations,people-occupations|communication-media,,topik-core,topik-core,topik-extra,topik
kv0949,치약,chi-yak,toothpaste,noun,2,body-health,body-health,,topik-core,topik-core,topik-extra,topik
kv0950,노트,no-teu,a note,noun,2,general-core,general-core,,topik-core,topik-core,topik-extra,topik
kv0951,초콜릿,cho-kol-ris,chocolate,noun,2,time-calendar,time-calendar|food-drink,,topik-core,topik-core,topik-extra,topik
kv0952,노란색,no-ran-saek,yellow,noun,2,descriptions-qualities,descriptions-qualities,,topik1-vocab|topik-core,topik1-vocab,topik-vocab,topik
kv0953,이분,i-bun,divide into two,pronoun,2,questions-pronouns,questions-pronouns,,topik-core,topik-core,topik-extra,topik
kv0954,칫솔,chis-sol,a toothbrush,noun,2,body-health,body-health,,topik-core,topik-core,topik-extra,topik
kv0955,공중전화,gong-jung-jeon-hoa,a public payphone,noun,2,general-core,general-core,,topik-core,topik-core,topik-extra,topik
kv0956,배부르다,bae-bu-reu-da,to be full,adjective,2,descriptions-qualities,descriptions-qualities,,topik-core,topik-core,topik-extra,topik
kv0957,샤워,sya-ueo,shower,noun,2,general-core,general-core,,topik-core,topik-core,topik-extra,topik
kv0958,세탁기,se-tak-gi,washing machine,noun,2,general-core,general-core,,topik-core,topik-core,topik-extra,topik
kv0959,도착,do-chak,arrival,noun,2,general-core,general-core,,topik-core,topik-core,topik-extra,topik
kv0960,짜다,jja-da,to be salty,adjective,2,descriptions-qualities,descriptions-qualities,,test-level-2-mock|topik-core,test-level-2-mock,topik-test,topik
kv0961,초등학교,cho-deung-hak-gyo,elementary school,noun,2,school-study,school-study,,topik-core,topik-core,topik-extra,topik
kv0962,공휴일,gong-hyu-il,a legal holiday,noun,2,time-calendar,time-calendar,,topik-core,topik-core,topik-extra,topik
kv0963,볼펜,bol-pen,ballpoint pen,noun,2,general-core,general-core,,topik-core,topik-core,topik-extra,topik
kv0964,빨간색,bbal-gan-saek,"deep-red, crimson",noun,2,general-core,general-core,,topik1-vocab|topik-core,topik1-vocab,topik-vocab,topik
kv0965,핸드폰,haen-deu-pon,cell phone,noun,2,body-health,body-health,,topik-core,topik-core,topik-extra,topik
kv0966,휴지통,hyu-ji-tong,a waste paper basket,noun,2,communication-media,communication-media,,topik-core,topik-core,topik-extra,topik
kv0967,크리스마스,keu-ri-seu-ma-seu,christmas,noun,2,general-core,general-core,,topik-core,topik-core,topik-extra,topik
kv0968,갈비,gal-bi,ribs / grilled short ribs,noun,2,descriptions-qualities,descriptions-qualities,,topik-core,topik-core,topik-extra,topik
kv0969,파란색,pa-ran-saek,blue,noun,2,general-core,general-core,,topik1-vocab|topik-core,topik1-vocab,topik-vocab,topik
kv0970,냉면,naeng-myeon,cold noodles,noun,2,food-drink,food-drink|body-health,,topik-core,topik-core,topik-extra,topik
kv0971,선물하다,seon-mul-ha-da,to give a gift,verb,2,shopping-money,shopping-money,,topik-core,topik-core,topik-extra,topik
kv0972,아이스크림,a-i-seu-keu-rim,ice cream,noun,2,food-drink,food-drink,,test-topik-ii-level-3-practice-2|topik-core,test-topik-ii-level-3-practice-2,topik-test,topik
kv0973,다섯째,da-seos-jjae,fifth,numeral,2,general-core,general-core,,topik-core,topik-core,topik-extra,topik
kv0974,실례하다,sil-rye-ha-da,to be rude / excuse oneself,verb,2,descriptions-qualities,descriptions-qualities,,topik-core,topik-core,topik-extra,topik
kv0975,중국어,jung-guk-eo,Chinese language,noun,2,countries-languages,countries-languages|communication-media,,topik-core,topik-core,topik-extra,topik
kv0976,사탕,sa-tang,candy,noun,2,general-core,general-core,,topik-core,topik-core,topik-extra,topik
kv0977,육십,yuk-sip,sixty,numeral,2,general-core,general-core,,topik-core,topik-core,topik-extra,topik
kv0978,팔십,pal-sip,80,numeral,2,general-core,general-core,,topik-core,topik-core,topik-extra,topik
kv0979,저곳,jeo-gos,that place over there,pronoun,2,clothing-appearance,clothing-appearance,,topik-core,topik-core,topik-extra,topik
kv0980,경복궁,gyeong-bok-gung,Gyeongbokgung Palace,proper noun,2,general-core,general-core,,topik-core,topik-core,topik-extra,topik
kv0981,구십,gu-sip,90,numeral,2,general-core,general-core,,topik-core,topik-core,topik-extra,topik
kv0982,남대문,nam-dae-mun,Seoul's old south gate,proper noun,2,general-core,general-core,,topik-core,topik-core,topik-extra,topik
kv0983,남대문시장,nam-dae-mun-si-jang,Shopping center in seoul,proper noun,2,places-buildings,places-buildings|shopping-money,,topik-core,topik-core,topik-extra,topik
kv0984,서울역,seo-ul-yeok,Seoul train station,proper noun,2,places-buildings,places-buildings|transport-directions|weather-seasons,,topik-core,topik-core,topik-extra,topik
kv0985,설악산,seol-ak-san,Famous mountain,proper noun,2,animals-nature,animals-nature,,topik-core,topik-core,topik-extra,topik
kv0986,인천,in-cheon,Incheon city,proper noun,2,general-core,general-core,,topik-core,topik-core,topik-extra,topik
kv0987,프랑스,peu-rang-seu,France,proper noun,2,countries-languages,countries-languages,,topik-core,topik-core,topik-extra,topik
kv0988,한강,han-gang,"the han river, runs through Seoul",proper noun,2,animals-nature,animals-nature,,topik-core,topik-core,topik-extra,topik
kv0989,가지,ga-ji,eggplant,dependent noun,3,animals-nature,animals-nature,bab18,bab18|topik-core,bab18,bab,workbook+topik
kv0990,줄,jul,"way, method",dependent noun,3,general-core,general-core,bab13|bab16,bab13|bab16|test-intermediate-advanced-2|test-intermediate-reading-3|test-intermediate-reading-1|topik-core,bab13,bab,workbook+topik
kv0991,하루,ha-ru,one day / a day,noun,3,time-calendar,time-calendar,bab18,bab18|test-level-2-mock|test-level-2-practice|test-intermediate-reading-3|topik-core,bab18,bab,workbook+topik
kv0992,걸리다,geol-ri-da,to take time / be caught,verb,3,time-calendar,time-calendar,bab16|bab19|bab20,bab16|bab19|bab20|test-intermediate-advanced-2|test-intermediate-reading-1|topik-core,bab16,bab,workbook+topik
kv0993,지,ji,"since, from",dependent noun,3,general-core,general-core,bab10|bab18,bab10|bab18|test-intermediate-1|test-level-2-mock|test-level-2-practice|test-intermediate-advanced-2|test-intermediate-reading-3|test-intermediate-reading-1|test-topik-ii-level-3-practice-2|topik-core,bab10,bab,workbook+topik
kv0994,사고,sa-go,an accident,noun,3,general-core,general-core,bab15|bab19,bab15|bab19|topik-core,bab15,bab,workbook+topik
kv0995,가격,ga-gyeok,price,noun,3,food-drink,food-drink|shopping-money,bab15,topik1-vocab|topik2-level4-vocab|bab15|test-intermediate-1|test-intermediate-advanced-2|topik-core,topik1-vocab,topik-vocab,workbook+topik
kv0996,새벽,sae-byeok,dawn / early morning,noun,3,time-calendar,time-calendar|body-health,bab18,bab18|topik-core,bab18,bab,workbook+topik
kv0997,무섭다,mu-seop-da,to be scary / afraid,adjective,3,transport-directions,transport-directions|feelings-emotions|descriptions-qualities,bab19,bab19|topik-core,bab19,bab,workbook+topik
kv0998,놀이,nol-i,"play, game",noun,3,hobbies-sports,hobbies-sports,bab13,bab13|topik-core,bab13,bab,workbook+topik
kv0999,직원,jik-ueon,employee / staff member,noun,3,people-occupations,people-occupations,bab19,topik2-level3-vocab|bab19|topik-core,topik2-level3-vocab,topik-vocab,workbook+topik
kv1000,집안,jip-an,inside the house,noun,3,places-buildings,places-buildings|transport-directions|home-household,bab07,bab07|topik-core,bab07,bab,workbook+topik
kv1001,드라마,deu-ra-ma,a soap opera in Konglish,noun,3,general-core,general-core,bab10,bab10|test-level-2-practice|test-reading-skills-set|topik-core,bab10,bab,workbook+topik
kv1002,길이,gil-i,length or extent,noun,3,general-core,general-core,bab15|bab18,bab15|bab18|topik-core,bab15,bab,workbook+topik
kv1003,기사,gi-sa,an article or an account,noun,3,general-core,general-core,bab17,bab17|topik-core,bab17,bab,workbook+topik
kv1004,어둡다,eo-dup-da,"to be dark, dim, gloomy",adjective,3,descriptions-qualities,descriptions-qualities,bab05,bab05|topik-core,bab05,bab,workbook+topik
kv1005,기쁘다,gi-bbeu-da,to be glad / happy,adjective,3,feelings-emotions,feelings-emotions|descriptions-qualities,bab12,bab12|test-topik-ii-level-3-practice-2|topik-core,bab12,bab,workbook+topik
kv1006,좁다,jop-da,to be narrow / cramped,adjective,3,descriptions-qualities,descriptions-qualities,bab05|bab06,bab05|bab06|test-level-2-practice|topik-core,bab05,bab,workbook+topik
kv1007,고모,go-mo,father's sister / aunt,noun,3,family-relationships,family-relationships,bab11,bab11|topik-core,bab11,bab,workbook+topik
kv1008,조용히,jo-yong-hi,quietly,adverb,3,descriptions-qualities,descriptions-qualities,bab15|bab17,bab15|bab17|test-intermediate-advanced-2|test-intermediate-reading-3|topik-core,bab15,bab,workbook+topik
kv1009,차갑다,cha-gap-da,to be cold (to the touch),adjective,3,body-health,body-health|descriptions-qualities,bab05,bab05|test-intermediate-reading-3|topik-core,bab05,bab,workbook+topik
kv1010,감다,gam-da,to wash (hair) / close (eyes),verb,3,clothing-appearance,clothing-appearance|body-health|daily-life-actions,bab11,bab11|topik-core,bab11,bab,workbook+topik
kv1011,시내,si-nae,downtown / city center,noun,3,places-buildings,places-buildings,bab04|bab13|bab14|bab16|bab19,bab04|bab13|bab14|bab16|bab19|topik-core,bab04,bab,workbook+topik
kv1012,이틀,i-teul,two days,noun,3,time-calendar,time-calendar,bab18,bab18|topik-core,bab18,bab,workbook+topik
kv1013,빨래,bbal-rae,laundry,noun,3,home-household,home-household,bab06|bab10|bab18,bab06|bab10|bab18|topik-core,bab06,bab,workbook+topik
kv1014,매년,mae-nyeon,every year,adverb,3,adverbs-connectors,adverbs-connectors|time-calendar|body-health,bab10,bab10|test-topik-ii-level-3-practice-2|topik-core,bab10,bab,workbook+topik
kv1015,사흘,sa-heul,three days,noun,3,time-calendar,time-calendar,bab18,bab18|topik-core,bab18,bab,workbook+topik
kv1016,구경하다,gu-gyeong-ha-da,to look around / sightsee,verb,3,travel-movement,travel-movement,bab13,bab13|test-intermediate-advanced-2|topik-core,bab13,bab,workbook+topik
kv1017,더럽다,deo-reop-da,to be dirty,adjective,3,descriptions-qualities,descriptions-qualities,bab05|bab06|bab15,bab05|bab06|bab15|topik-core,bab05,bab,workbook+topik
kv1018,토마토,to-ma-to,tomato,noun,3,food-drink,food-drink,bab02,bab02|topik-core,bab02,bab,workbook+topik
kv1019,노래방,no-rae-bang,singing room,noun,3,places-buildings,places-buildings|home-household,bab04,bab04|topik-core,bab04,bab,workbook+topik
kv1020,이모,i-mo,mother's sister / aunt,noun,3,family-relationships,family-relationships,bab11,bab11|topik-core,bab11,bab,workbook+topik
kv1021,삼촌,sam-chon,uncle,noun,3,family-relationships,family-relationships,bab11,bab11|topik-core,bab11,bab,workbook+topik
kv1022,주차장,ju-cha-jang,parking lot,noun,3,places-buildings,places-buildings,bab04|bab07,bab04|bab07|topik-core,bab04,bab,workbook+topik
kv1023,열흘,yeol-heul,ten days,noun,3,time-calendar,time-calendar,bab18,bab18|topik-core,bab18,bab,workbook+topik
kv1024,골프,gol-peu,golf,noun,3,hobbies-sports,hobbies-sports|travel-movement,bab05|bab06|bab12,bab05|bab06|bab12|topik-core,bab05,bab,workbook+topik
kv1025,주무시다,ju-mu-si-da,to sleep (honorific),verb,3,greetings-politeness,greetings-politeness|daily-life-actions,bab11,bab11|topik-core,bab11,bab,workbook+topik
kv1026,흐리다,heu-ri-da,to be cloudy,adjective,3,weather-seasons,weather-seasons|descriptions-qualities,bab05|bab06|bab10,topik1-vocab|bab05|bab06|bab10|test-intermediate-reading-3|topik-core,topik1-vocab,topik-vocab,workbook+topik
kv1027,축하,chuk-ha,"congratulation, celebration",noun,3,events-celebrations,events-celebrations,bab08|bab10|bab17,bab08|bab10|bab17|topik-core,bab08,bab,workbook+topik
kv1028,국수,guk-su,noodles,noun,3,food-drink,food-drink,bab08|bab10|bab20,bab08|bab10|bab20|topik-core,bab08,bab,workbook+topik
kv1029,설거지,seol-geo-ji,dishwashing,noun,3,general-core,general-core,bab09|bab20,bab09|bab20|topik-core,bab09,bab,workbook+topik
kv1030,유학생,yu-hak-saeng,international student,noun,3,people-occupations,people-occupations,bab09,bab09|topik-core,bab09,bab,workbook+topik
kv1031,외삼촌,oi-sam-chon,mother's brother / uncle,noun,3,family-relationships,family-relationships,bab11,bab11|topik-core,bab11,bab,workbook+topik
kv1032,음료수,eum-ryo-su,drinking water,noun,3,food-drink,food-drink,bab02|bab20,bab02|bab20|test-intermediate-reading-3|topik-core,bab02,bab,workbook+topik
kv1033,터미널,teo-mi-neol,terminal,noun,3,places-buildings,places-buildings,bab16,bab16|topik-core,bab16,bab,workbook+topik
kv1034,배드민턴,bae-deu-min-teon,badminton,noun,3,general-core,general-core,bab05|bab06,bab05|bab06|topik-core,bab05,bab,workbook+topik
kv1035,와인,oa-in,wine,noun,3,food-drink,food-drink,bab08|bab10,bab08|bab10|topik-core,bab08,bab,workbook+topik
kv1036,치과,chi-goa,dental clinic,noun,3,places-buildings,places-buildings,bab18|bab19,bab18|bab19|topik-core,bab18,bab,workbook+topik
kv1037,농구,nong-gu,basketball,noun,3,hobbies-sports,hobbies-sports|communication-media,bab05|bab06,bab05|bab06|test-level-1-2-practice|topik-core,bab05,bab,workbook+topik
kv1038,스키장,seu-ki-jang,place to ski,noun,3,hobbies-sports,hobbies-sports,bab17,bab17|topik-core,bab17,bab,workbook+topik
kv1039,나흘,na-heul,four days,noun,3,time-calendar,time-calendar,bab18,bab18|topik-core,bab18,bab,workbook+topik
kv1040,생신,saeng-sin,birthday (honorific),noun,3,greetings-politeness,greetings-politeness|time-calendar|events-celebrations,bab11,bab11|topik-core,bab11,bab,workbook+topik
kv1041,닷새,das-sae,five days,noun,3,time-calendar,time-calendar,bab18,bab18|topik-core,bab18,bab,workbook+topik
kv1042,연세,yeon-se,age (honorific),noun,3,greetings-politeness,greetings-politeness,bab11,bab11|topik-core,bab11,bab,workbook+topik
kv1043,녹차,nok-cha,green tea,noun,3,food-drink,food-drink,bab02|bab06|bab15,bab02|bab06|bab15|topik-core,bab02,bab,workbook+topik
kv1044,스케이트,seu-ke-i-teu,skate,noun,3,general-core,general-core,bab05,bab05|topik-core,bab05,bab,workbook+topik
kv1045,성함,seong-ham,name (honorific),noun,3,greetings-politeness,greetings-politeness|communication-media,bab11,bab11|topik-core,bab11,bab,workbook+topik
kv1046,세탁소,se-tak-so,laundromat / dry cleaner,noun,3,places-buildings,places-buildings|home-household|descriptions-qualities,bab04|bab07,bab04|bab07|topik-core,bab04,bab,workbook+topik
kv1047,필통,pil-tong,pencil case,noun,3,school-study,school-study,bab07,bab07|topik-core,bab07,bab,workbook+topik
kv1048,등,deung,etcaetera,dependent noun,3,general-core,general-core,,topik-core,topik-core,topik-extra,topik
kv1049,대하다,dae-ha-da,"to face, confront",verb,3,transport-directions,transport-directions,,test-intermediate-advanced-2|test-topik-ii-level-3-practice-2|topik-core,test-intermediate-advanced-2,topik-test,topik
kv1050,위하다,ui-ha-da,to do for the sake of,verb,3,daily-life-actions,daily-life-actions,,topik-core,topik-core,topik-extra,topik
kv1051,사회,sa-hoi,"culture, society",noun,3,general-core,general-core,,topik2-level3-vocab|topik2-level5-vocab|topik-core,topik2-level3-vocab,topik-vocab,topik
kv1052,따르다,dda-reu-da,to listen,verb,3,communication-media,communication-media,,topik-core,topik-core,topik-extra,topik
kv1053,그런,geu-reon,such a,determiner,3,questions-pronouns,questions-pronouns,,topik-core,topik-core,topik-extra,topik
kv1054,데,de,place / situation / point,dependent noun,3,general-core,general-core,,test-intermediate-advanced-2|test-intermediate-reading-3|topik-core,test-intermediate-advanced-2,topik-test,topik
kv1055,경우,gyeong-u,a case or an instance,noun,3,general-core,general-core,,topik-core,topik-core,topik-extra,topik
kv1056,중,jung,"the center, the middle",dependent noun,3,general-core,general-core,,test-reading-20|test-intermediate-reading-3|test-topik-ii-level-3-practice-2|topik-core,test-reading-20,topik-test,topik
kv1057,자신,ja-sin,"one's own self, one`s own body",noun,3,general-core,general-core,,test-intermediate-reading-3|topik-core,test-intermediate-reading-3,topik-test,topik
kv1058,문화,mun-hoa,culture,noun,3,general-core,general-core,,topik2-level3-vocab|topik2-level4-vocab|topik2-level5-vocab|test-intermediate-reading-3|test-topik-ii-level-3-practice-2|topik-core,topik2-level3-vocab,topik-vocab,topik
kv1059,통하다,tong-ha-da,to lead,verb,3,verbs-actions,verbs-actions,,topik-core,topik-core,topik-extra,topik
kv1060,소리,so-ri,"a sound, noise",noun,3,general-core,general-core,,test-intermediate-advanced-2|test-intermediate-reading-3|test-topik-ii-level-3-practice-2|topik-core,test-intermediate-advanced-2,topik-test,topik
kv1061,정도,jeong-do,"grade, degree",noun,3,general-core,general-core,,test-intermediate-reading-3|topik-core,test-intermediate-reading-3,topik-test,topik
kv1062,보이다,bo-i-da,"to show, let see",verb,3,verbs-actions,verbs-actions,,topik-core,topik-core,topik-extra,topik
kv1063,지나다,ji-na-da,"to pass, elapse, go on",verb,3,travel-movement,travel-movement,,topik-core,topik-core,topik-extra,topik
kv1064,인간,in-gan,"a person, a human being",noun,3,people-occupations,people-occupations,,topik-core,topik-core,topik-extra,topik
kv1065,사실,sa-sil,"actually, really",noun,3,general-core,general-core,,topik-core,topik-core,topik-extra,topik
kv1066,점,jeom,store,noun,3,places-buildings,places-buildings,,topik-core,topik-core,topik-extra,topik
kv1067,의하다,eui-ha-da,"to be due to, owing to",verb,3,descriptions-qualities,descriptions-qualities,,topik-core,topik-core,topik-extra,topik
kv1068,시대,si-dae,era / period,noun,3,general-core,general-core,,topik-core,topik-core,topik-extra,topik
kv1069,이러하다,i-reo-ha-da,to be like this,adjective,3,feelings-emotions,feelings-emotions|descriptions-qualities,,topik-core,topik-core,topik-extra,topik
kv1070,세계,se-gye,world,noun,3,general-core,general-core,bab20,bab20|topik-core,bab20,bab,workbook+topik
kv1071,자기,ja-gi,oneself / one’s own,pronoun,3,questions-pronouns,questions-pronouns,,test-intermediate-reading-3|topik-core,test-intermediate-reading-3,topik-test,topik
kv1072,대통령,dae-tong-ryeong,the president,noun,3,general-core,general-core,,topik-core,topik-core,topik-extra,topik
kv1073,국가,guk-ga,country / nation,noun,3,general-core,general-core,,topik-core,topik-core,topik-extra,topik
kv1074,여성,yeo-seong,woman / female,noun,3,general-core,general-core,,topik-core,topik-core,topik-extra,topik
kv1075,관계,goan-gye,relationship / connection,noun,3,transport-directions,transport-directions,,topik2-level3-vocab|topik-core,topik2-level3-vocab,topik-vocab,topik
kv1076,나타나다,na-ta-na-da,to appear / emerge,verb,3,body-health,body-health,,topik-core,topik-core,topik-extra,topik
kv1077,지역,ji-yeok,area / region,noun,3,general-core,general-core,,topik-core,topik-core,topik-extra,topik
kv1078,모습,mo-seup,appearance / figure,noun,3,body-health,body-health,,topik-core,topik-core,topik-extra,topik
kv1079,없이,eops-i,without,adverb,3,verbs-actions,verbs-actions,,topik-core,topik-core,topik-extra,topik
kv1080,뿐,bbun,"only, alone, merely",dependent noun,3,general-core,general-core,,topik-core,topik-core,topik-extra,topik
kv1081,방법,bang-beop,"way, method",noun,3,general-core,general-core,,topik2-level3-vocab|topik2-level5-vocab|topik-core,topik2-level3-vocab,topik-vocab,topik
kv1082,갖다,gaj-da,to hold,verb,3,verbs-actions,verbs-actions,,test-level-2-practice|test-topik-ii-level-3-practice-2|topik-core,test-level-2-practice,topik-test,topik
kv1083,특히,teuk-hi,especially,adverb,3,verbs-actions,verbs-actions,,topik-core,topik-core,topik-extra,topik
kv1084,이상,i-sang,"more than, above",noun,3,transport-directions,transport-directions,,test-intermediate-advanced-2|topik-core,test-intermediate-advanced-2,topik-test,topik
kv1085,교육,gyo-yuk,education,noun,3,animals-nature,animals-nature,,topik2-level4-vocab|topik-core,topik2-level4-vocab,topik-vocab,topik
kv1086,경제,gyeong-je,economy,noun,3,general-core,general-core,,topik2-level3-vocab|topik2-level4-vocab|topik2-level5-vocab|topik-core,topik2-level3-vocab,topik-vocab,topik
kv1087,예술,ye-sul,"art, an art, the arts",noun,3,general-core,general-core,,topik-core,topik-core,topik-extra,topik
kv1088,결과,gyeol-goa,result,noun,3,general-core,general-core,,topik2-level3-vocab|topik2-level5-vocab|topik-core,topik2-level3-vocab,topik-vocab,topik
kv1089,내용,nae-yong,contents,noun,3,general-core,general-core,,test-intermediate-advanced-2|test-intermediate-reading-1|test-topik-ii-level-3-practice-2|topik-core,test-intermediate-advanced-2,topik-test,topik
kv1090,당신,dang-sin,formal you,pronoun,3,questions-pronouns,questions-pronouns,,topik-core,topik-core,topik-extra,topik
kv1091,느끼다,neu-ggi-da,to feel,verb,3,feelings-emotions,feelings-emotions,,topik-core,topik-core,topik-extra,topik
kv1092,의미,eui-mi,"a meaning, a sense",noun,3,general-core,general-core,,test-intermediate-advanced-2|test-topik-ii-level-3-practice-2|topik-core,test-intermediate-advanced-2,topik-test,topik
kv1093,밝히다,balk-hi-da,to light up,verb,3,descriptions-qualities,descriptions-qualities,,topik-core,topik-core,topik-extra,topik
kv1094,이미,i-mi,already,adverb,3,communication-media,communication-media,,topik-core,topik-core,topik-extra,topik
kv1095,정치,jeong-chi,politics,noun,3,general-core,general-core,,topik-core,topik-core,topik-extra,topik
kv1096,국민,guk-min,the people or a nationality,noun,3,general-core,general-core,,topik-core,topik-core,topik-extra,topik
kv1097,연구,yeon-gu,research,noun,3,body-health,body-health|animals-nature,,topik2-level3-vocab|topik2-level4-vocab|topik2-level5-vocab|topik-core,topik2-level3-vocab,topik-vocab,topik
kv1098,및,mich,as well as,adverb,3,verbs-actions,verbs-actions,,topik-core,topik-core,topik-extra,topik
kv1099,짓다,jis-da,"to make, build ; to form a line",verb,3,daily-life-actions,daily-life-actions,,test-reading-20|topik-core,test-reading-20,topik-test,topik
kv1100,또한,ddo-han,"also, and, too, furthermore",adverb,3,verbs-actions,verbs-actions,,topik-core,topik-core,topik-extra,topik
kv1101,이유,i-yu,reason,noun,3,general-core,general-core,,topik2-level3-vocab|topik2-level5-vocab|test-intermediate-advanced-2|topik-core,topik2-level3-vocab,topik-vocab,topik
kv1102,또는,ddo-neun,or,adverb,3,verbs-actions,verbs-actions,,topik-core,topik-core,topik-extra,topik
kv1103,글,geul,"words, a verse",noun,3,communication-media,communication-media,,test-reading-20|test-intermediate-advanced-2|test-intermediate-reading-1|test-topik-ii-level-3-practice-2|topik-core,test-reading-20,topik-test,topik
kv1104,세상,se-sang,"the world, society",noun,3,general-core,general-core,,topik-core,topik-core,topik-extra,topik
kv1105,두다,du-da,"to place, put on, set",verb,3,verbs-actions,verbs-actions,,topik-core,topik-core,topik-extra,topik
kv1106,즉,jeuk,"namely, that is to say, i.e.",adverb,3,clothing-appearance,clothing-appearance|communication-media,,topik-core,topik-core,topik-extra,topik
kv1107,이후,i-hu,after that,noun,3,clothing-appearance,clothing-appearance,,topik-core,topik-core,topik-extra,topik
kv1108,문학,mun-hak,literature,noun,3,general-core,general-core,,topik-core,topik-core,topik-extra,topik
kv1109,지방,ji-bang,"a locality, district",noun,3,general-core,general-core,,topik-core,topik-core,topik-extra,topik
kv1110,최근,choi-geun,recently,noun,3,general-core,general-core,,test-intermediate-advanced-2|topik-core,test-intermediate-advanced-2,topik-test,topik
kv1111,환경,hoan-gyeong,environment,noun,3,general-core,general-core,,topik2-level3-vocab|topik2-level4-vocab|topik2-level5-vocab|test-intermediate-reading-3|test-intermediate-reading-1|test-topik-ii-level-3-practice-2|topik-core,topik2-level3-vocab,topik-vocab,topik
kv1112,자체,ja-che,one's own body,noun,3,general-core,general-core,,topik-core,topik-core,topik-extra,topik
kv1113,남다,nam-da,"to remain, be left over",verb,3,transport-directions,transport-directions,,test-level-1-2-practice|topik-core,test-level-1-2-practice,topik-test,topik
kv1114,부분,bu-bun,"part, portion",noun,3,general-core,general-core,,test-topik-ii-level-3-practice-2|topik-core,test-topik-ii-level-3-practice-2,topik-test,topik
kv1115,변화,byeon-hoa,"change, transformation",noun,3,general-core,general-core,,topik2-level4-vocab|topik-core,topik2-level4-vocab,topik-vocab,topik
kv1116,뜻,ddeus,"explanation , meaning",noun,3,general-core,general-core,,test-intermediate-advanced-2|topik-core,test-intermediate-advanced-2,topik-test,topik
kv1117,떨어지다,ddeol-eo-ji-da,to give an order,verb,3,verbs-actions,verbs-actions,,topik-core,topik-core,topik-extra,topik
kv1118,관하다,goan-ha-da,to refer to or be about,verb,3,verbs-actions,verbs-actions,,topik-core,topik-core,topik-extra,topik
kv1119,그냥,geu-nyang,just because or in that condition,adverb,3,clothing-appearance,clothing-appearance,,topik-core,topik-core,topik-extra,topik
kv1120,나누다,na-nu-da,to divide,verb,3,verbs-actions,verbs-actions,,test-intermediate-reading-3|topik-core,test-intermediate-reading-3,topik-test,topik
kv1121,이용하다,i-yong-ha-da,"to use, make use of",verb,3,verbs-actions,verbs-actions,,topik2-level3-vocab|test-intermediate-advanced-2|test-intermediate-reading-3|test-intermediate-reading-1|test-topik-ii-level-3-practice-2|topik-core,topik2-level3-vocab,topik-vocab,topik
kv1122,거의,geo-eui,almost or nearly,adverb,3,time-calendar,time-calendar|body-health|descriptions-qualities,,topik-core,topik-core,topik-extra,topik
kv1123,중심,jung-sim,"the nucleus, the focus, the heart",noun,3,body-health,body-health|communication-media,,test-intermediate-reading-1|test-topik-ii-level-3-practice-2|topik-core,test-intermediate-reading-1,topik-test,topik
kv1124,활동,hoal-dong,activity,noun,3,general-core,general-core,,topik-core,topik-core,topik-extra,topik
kv1125,관심,goan-sim,concern or interest,noun,3,general-core,general-core,,topik2-level4-vocab|topik-core,topik2-level4-vocab,topik-vocab,topik
kv1126,역시,yeok-si,"as expected, likewise",adverb,3,feelings-emotions,feelings-emotions,,topik-core,topik-core,topik-extra,topik
kv1127,애,ae,"a baby, or a slightly derogative word for person",noun,3,people-occupations,people-occupations|communication-media|descriptions-qualities,,topik-core,topik-core,topik-extra,topik
kv1128,광고,goang-go,advertisement,noun,3,general-core,general-core,,test-intermediate-reading-1|topik-core,test-intermediate-reading-1,topik-test,topik
kv1129,정신,jeong-sin,"mind, spirit",noun,3,general-core,general-core,,topik-core,topik-core,topik-extra,topik
kv1130,이르다,i-reu-da,"to be early, premature",verb,3,time-calendar,time-calendar|body-health|descriptions-qualities,,topik-core,topik-core,topik-extra,topik
kv1131,땅,ddang,"ground, land",noun,3,general-core,general-core,,topik-core,topik-core,topik-extra,topik
kv1132,이루다,i-ru-da,"to accomplish, complete",verb,3,verbs-actions,verbs-actions,,topik-core,topik-core,topik-extra,topik
kv1133,기술,gi-sul,art or technique or ability,noun,3,general-core,general-core,,topik-core,topik-core,topik-extra,topik
kv1134,전체,jeon-che,"the whole, the entire section",noun,3,general-core,general-core,,topik-core,topik-core,topik-extra,topik
kv1135,얻다,eot-da,"to get, obtain",verb,3,verbs-actions,verbs-actions,,topik-core,topik-core,topik-extra,topik
kv1136,민족,min-jok,"race, nation, people",noun,3,general-core,general-core,,topik-core,topik-core,topik-extra,topik
kv1137,간,gan,the interval between,dependent noun,3,general-core,general-core,,test-level-2-mock|test-intermediate-reading-3|topik-core,test-level-2-mock,topik-test,topik
kv1138,그대로,geu-dae-ro,like that,adverb,3,clothing-appearance,clothing-appearance|feelings-emotions,,topik-core,topik-core,topik-extra,topik
kv1139,년대,nyeon-dae,year,dependent noun,3,time-calendar,time-calendar|body-health,,topik-core,topik-core,topik-extra,topik
kv1140,과학,goa-hak,science,noun,3,general-core,general-core,,topik-core,topik-core,topik-extra,topik
kv1141,자연,ja-yeon,nature,noun,3,animals-nature,animals-nature,,topik2-level4-vocab|topik-core,topik2-level4-vocab,topik-vocab,topik
kv1142,결국,gyeol-guk,after all or in the end,noun,3,time-calendar,time-calendar,,topik-core,topik-core,topik-extra,topik
kv1143,프로그램,peu-ro-geu-raem,program,noun,3,general-core,general-core,,topik-core,topik-core,topik-extra,topik
kv1144,이루어지다,i-ru-eo-ji-da,"to get accomplished, achieved",verb,3,verbs-actions,verbs-actions,,topik-core,topik-core,topik-extra,topik
kv1145,적,jeok,the enemy,dependent noun,3,general-core,general-core,,topik-core,topik-core,topik-extra,topik
kv1146,터,teo,"one's status, one's lot",dependent noun,3,general-core,general-core,,topik-core,topik-core,topik-extra,topik
kv1147,맞다,maj-da,"to receive, welcome",verb,3,travel-movement,travel-movement,,test-level-2-mock|test-level-2-practice|test-reading-skills-set|test-reading-20|test-intermediate-advanced-2|test-intermediate-reading-1|test-topik-ii-level-3-practice-2|topik-core,test-level-2-mock,topik-test,topik
kv1148,지키다,ji-ki-da,"to protect, maintain",verb,3,verbs-actions,verbs-actions,,test-intermediate-advanced-2|topik-core,test-intermediate-advanced-2,topik-test,topik
kv1149,바라보다,ba-ra-bo-da,"to look at, watch ; to look forward to, hope for",verb,3,verbs-actions,verbs-actions,,topik-core,topik-core,topik-extra,topik
kv1150,대부분,dae-bu-bun,most,noun,3,general-core,general-core,,topik-core,topik-core,topik-extra,topik
kv1151,표정,pyo-jeong,"facial expression, look",noun,3,general-core,general-core,,topik-core,topik-core,topik-extra,topik
kv1152,일부,il-bu,"a part, a portion",noun,3,general-core,general-core,,topik-core,topik-core,topik-extra,topik
kv1153,느낌,neu-ggim,"touch, feel",noun,3,feelings-emotions,feelings-emotions,,topik-core,topik-core,topik-extra,topik
kv1154,고개,go-gae,the nape of the neck,noun,3,body-health,body-health,,topik-core,topik-core,topik-extra,topik
kv1155,성격,seong-gyeok,"personality ; character, nature",noun,3,people-occupations,people-occupations|animals-nature,,topik2-level4-vocab|topik-core,topik2-level4-vocab,topik-vocab,topik
kv1156,세기,se-gi,century,noun,3,general-core,general-core,,topik-core,topik-core,topik-extra,topik
kv1157,세우다,se-u-da,"to stand up, erect",verb,3,daily-life-actions,daily-life-actions,,topik-core,topik-core,topik-extra,topik
kv1158,현재,hyeon-jae,"the present time, now, at present",adverb,3,time-calendar,time-calendar,,topik-core,topik-core,topik-extra,topik
kv1159,발전,bal-jeon,development,noun,3,general-core,general-core,,topik2-level5-vocab|topik-core,topik2-level5-vocab,topik-vocab,topik
kv1160,향하다,hyang-ha-da,"to face, look out on",verb,3,verbs-actions,verbs-actions,,topik-core,topik-core,topik-extra,topik
kv1161,관련,goan-ryeon,relation or connection or reference,noun,3,general-core,general-core,,topik-core,topik-core,topik-extra,topik
kv1162,각,gak,each or every,determiner,3,questions-pronouns,questions-pronouns,,test-level-2-mock|test-intermediate-advanced-2|topik-core,test-level-2-mock,topik-test,topik
kv1163,분위기,bun-ui-gi,"atmosphere, surroundings",noun,3,general-core,general-core,,topik-core,topik-core,topik-extra,topik
kv1164,그러하다,geu-reo-ha-da,to be so or right,adjective,3,transport-directions,transport-directions|descriptions-qualities,,topik-core,topik-core,topik-extra,topik
kv1165,우선,u-seon,"first of all, before everything",adverb,3,verbs-actions,verbs-actions,,topik-core,topik-core,topik-extra,topik
kv1166,믿다,mit-da,to believe,verb,3,verbs-actions,verbs-actions,,test-intermediate-1|test-level-1-2-practice|test-level-2-mock|test-level-2-practice|test-reading-skills-set|test-reading-20|test-intermediate-reading-3|test-intermediate-reading-1|test-topik-ii-level-3-practice-2|topik-core,test-intermediate-1,topik-test,topik
kv1167,낳다,nah-da,to give birth,verb,3,verbs-actions,verbs-actions,,topik-core,topik-core,topik-extra,topik
kv1168,정보,jeong-bo,information,noun,3,general-core,general-core,,topik-core,topik-core,topik-extra,topik
kv1169,열리다,yeol-ri-da,to open / be held,verb,3,daily-life-actions,daily-life-actions,,test-intermediate-reading-3|topik-core,test-intermediate-reading-3,topik-test,topik
kv1170,만큼,man-keum,as much as / to the extent,dependent noun,3,general-core,general-core,,topik-core,topik-core,topik-extra,topik
kv1171,역할,yeok-hal,role,noun,3,general-core,general-core,,topik2-level5-vocab|topik-core,topik2-level5-vocab,topik-vocab,topik
kv1172,행동,haeng-dong,action / behavior,noun,3,general-core,general-core,,topik-core,topik-core,topik-extra,topik
kv1173,국내,guk-nae,domestic / within the country,noun,3,general-core,general-core,,topik-core,topik-core,topik-extra,topik
kv1174,나서다,na-seo-da,to step forward / come out,verb,3,travel-movement,travel-movement,,test-topik-ii-level-3-practice-2|topik-core,test-topik-ii-level-3-practice-2,topik-test,topik
kv1175,흐르다,heu-reu-da,"to flow, stream",verb,3,descriptions-qualities,descriptions-qualities,,topik-core,topik-core,topik-extra,topik
kv1176,깊다,gip-da,to be deep,adjective,3,descriptions-qualities,descriptions-qualities,,topik-core,topik-core,topik-extra,topik
kv1177,모양,mo-yang,shape / appearance,noun,3,body-health,body-health,,topik-core,topik-core,topik-extra,topik
kv1178,조건,jo-geon,condition / requirement,noun,3,general-core,general-core,,topik-core,topik-core,topik-extra,topik
kv1179,넘다,neom-da,to exceed / cross over,verb,3,travel-movement,travel-movement,,topik-core,topik-core,topik-extra,topik
kv1180,마을,ma-eul,town,noun,3,general-core,general-core,,topik-core,topik-core,topik-extra,topik
kv1181,어리다,eo-ri-da,"to be very young, juvenile",adjective,3,descriptions-qualities,descriptions-qualities,,topik-core,topik-core,topik-extra,topik
kv1182,대표,dae-pyo,representative,noun,3,general-core,general-core,,topik-core,topik-core,topik-extra,topik
kv1183,가능성,ga-neung-seong,possibility,noun,3,general-core,general-core,,topik-core,topik-core,topik-extra,topik
kv1184,방향,bang-hyang,direction,noun,3,transport-directions,transport-directions,,topik-core,topik-core,topik-extra,topik
kv1185,대회,dae-hoi,a great meeting,noun,3,general-core,general-core,,topik-core,topik-core,topik-extra,topik
kv1186,목소리,mok-so-ri,voice,noun,3,general-core,general-core,,topik-core,topik-core,topik-extra,topik
kv1187,움직이다,um-jik-i-da,"to move, stir",verb,3,verbs-actions,verbs-actions,,topik-core,topik-core,topik-extra,topik
kv1188,노력,no-ryeok,effort,noun,3,general-core,general-core,,topik2-level4-vocab|topik-core,topik2-level4-vocab,topik-vocab,topik
kv1189,전혀,jeon-hyeo,"entirely, utterly, completely",adverb,3,verbs-actions,verbs-actions,,topik-core,topik-core,topik-extra,topik
kv1190,단체,dan-che,"a corps, a group",noun,3,general-core,general-core,,topik-core,topik-core,topik-extra,topik
kv1191,알려지다,al-ryeo-ji-da,to become known,verb,3,travel-movement,travel-movement,,topik-core,topik-core,topik-extra,topik
kv1192,가능하다,ga-neung-ha-da,to be possible,adjective,3,descriptions-qualities,descriptions-qualities,,test-reading-20|test-topik-ii-level-3-practice-2|topik-core,test-reading-20,topik-test,topik
kv1193,능력,neung-ryeok,"ability, capability, how much and how well",noun,3,general-core,general-core,,topik-core,topik-core,topik-extra,topik
kv1194,주장하다,ju-jang-ha-da,"to assert, maintain",verb,3,verbs-actions,verbs-actions,,topik2-level4-vocab|topik-core,topik2-level4-vocab,topik-vocab,topik
kv1195,자식,ja-sik,one's children,noun,3,general-core,general-core,,topik-core,topik-core,topik-extra,topik
kv1196,돌리다,dol-ri-da,to afford,verb,3,verbs-actions,verbs-actions,,topik-core,topik-core,topik-extra,topik
kv1197,모으다,mo-eu-da,"to gather, get together",verb,3,verbs-actions,verbs-actions,,topik-core,topik-core,topik-extra,topik
kv1198,자료,ja-ryo,"materials, data",noun,3,general-core,general-core,,topik2-level5-vocab|topik-core,topik2-level5-vocab,topik-vocab,topik
kv1199,제품,je-pum,manufactured goods,noun,3,travel-movement,travel-movement,,topik-core,topik-core,topik-extra,topik
kv1200,사업,sa-eop,business,noun,3,transport-directions,transport-directions,,topik-core,topik-core,topik-extra,topik
kv1201,지난해,ji-nan-hae,last year,noun,3,time-calendar,time-calendar|body-health,,topik-core,topik-core,topik-extra,topik
kv1202,표현,pyo-hyeon,"verbal expression, representation, manifestation",noun,3,communication-media,communication-media,,topik-core,topik-core,topik-extra,topik
kv1203,젊다,jeolm-da,"to be young, youthful",adjective,3,descriptions-qualities,descriptions-qualities,,topik-core,topik-core,topik-extra,topik
kv1204,동시,dong-si,at the same time,noun,3,time-calendar,time-calendar,,topik-core,topik-core,topik-extra,topik
kv1205,순간,sun-gan,"a moment, a second",noun,3,general-core,general-core,,topik-core,topik-core,topik-extra,topik
kv1206,전쟁,jeon-jaeng,war,noun,3,general-core,general-core,,topik-core,topik-core,topik-extra,topik
kv1207,방송,bang-song,broadcast,noun,3,transport-directions,transport-directions,,topik-core,topik-core,topik-extra,topik
kv1208,마찬가지,ma-chan-ga-ji,the same,noun,3,general-core,general-core,,topik-core,topik-core,topik-extra,topik
kv1209,과거,goa-geo,the past,noun,3,general-core,general-core,,topik-core,topik-core,topik-extra,topik
kv1210,현대,hyeon-dae,"the present age, times",noun,3,time-calendar,time-calendar,,topik-core,topik-core,topik-extra,topik
kv1211,살펴보다,sal-pyeo-bo-da,to watch closely,verb,3,verbs-actions,verbs-actions,,topik-core,topik-core,topik-extra,topik
kv1212,차이,cha-i,"difference, disparity",noun,3,general-core,general-core,,topik-core,topik-core,topik-extra,topik
kv1213,풀다,pul-da,"to untie, loosen ; to melt into ; to solve a problem",verb,3,verbs-actions,verbs-actions,,test-level-2-practice|topik-core,test-level-2-practice,topik-test,topik
kv1214,시절,si-jeol,"season, time, occasion",noun,3,time-calendar,time-calendar|animals-nature,,topik-core,topik-core,topik-extra,topik
kv1215,직접,jik-jeop,directly,adverb,3,verbs-actions,verbs-actions,,test-intermediate-advanced-2|test-intermediate-reading-3|topik-core,test-intermediate-advanced-2,topik-test,topik
kv1216,개인,gae-in,private or individual,noun,3,general-core,general-core,,topik-core,topik-core,topik-extra,topik
kv1217,근데,geun-de,but or however,adverb,3,verbs-actions,verbs-actions,,topik-core,topik-core,topik-extra,topik
kv1218,작가,jak-ga,"writer, author",noun,3,communication-media,communication-media,,topik-core,topik-core,topik-extra,topik
kv1219,효과,hyo-goa,"effectiveness, good effects, working",noun,3,travel-movement,travel-movement,,topik-core,topik-core,topik-extra,topik
kv1220,불교,bul-gyo,buddhism,noun,3,general-core,general-core,,topik-core,topik-core,topik-extra,topik
kv1221,끌다,ggeul-da,to pull,verb,3,verbs-actions,verbs-actions,,topik-core,topik-core,topik-extra,topik
kv1222,마치,ma-chi,"as though, as if",adverb,3,verbs-actions,verbs-actions,,topik-core,topik-core,topik-extra,topik
kv1223,바라다,ba-ra-da,"to wish, hope",verb,3,verbs-actions,verbs-actions,,topik-core,topik-core,topik-extra,topik
kv1224,강하다,gang-ha-da,to be strong or powerful,adjective,3,descriptions-qualities,descriptions-qualities,,test-intermediate-reading-3|test-intermediate-reading-1|topik-core,test-intermediate-reading-3,topik-test,topik
kv1225,경험,gyeong-heom,experience or undergo or suffer,noun,3,travel-movement,travel-movement,,topik2-level3-vocab|topik2-level4-vocab|topik2-level5-vocab|test-intermediate-advanced-2|topik-core,topik2-level3-vocab,topik-vocab,topik
kv1226,최고,choi-go,the best,noun,3,general-core,general-core,,topik-core,topik-core,topik-extra,topik
kv1227,나타내다,na-ta-nae-da,"to show, display",verb,3,verbs-actions,verbs-actions,,topik-core,topik-core,topik-extra,topik
kv1228,다양하다,da-yang-ha-da,"to be various, diverse",adjective,3,descriptions-qualities,descriptions-qualities,,topik2-level4-vocab|test-intermediate-advanced-2|test-intermediate-reading-1|topik-core,topik2-level4-vocab,topik-vocab,topik
kv1229,법,beop,"a law, the law",noun,3,general-core,general-core,,topik-core,topik-core,topik-extra,topik
kv1230,소설,so-seol,"a novel, fiction story",noun,3,general-core,general-core,,topik-core,topik-core,topik-extra,topik
kv1231,질서,jil-seo,"order, system",noun,3,general-core,general-core,,topik-core,topik-core,topik-extra,topik
kv1232,담다,dam-da,to put in / contain,verb,3,daily-life-actions,daily-life-actions,,topik-core,topik-core,topik-extra,topik
kv1233,모이다,mo-i-da,"to meet, assemble",verb,3,verbs-actions,verbs-actions,,topik-core,topik-core,topik-extra,topik
kv1234,시민,si-min,residents of a city,noun,3,general-core,general-core,,topik-core,topik-core,topik-extra,topik
kv1235,회장,hoi-jang,"chariman, the president",noun,3,general-core,general-core,,topik-core,topik-core,topik-extra,topik
kv1236,스스로,seu-seu-ro,"by oneself, do it alone",adverb,3,verbs-actions,verbs-actions,,topik-core,topik-core,topik-extra,topik
kv1237,이날,i-nal,"today, this day",noun,3,time-calendar,time-calendar,,topik-core,topik-core,topik-extra,topik
kv1238,제대로,je-dae-ro,as proper. as is suitable,adverb,3,verbs-actions,verbs-actions,,topik-core,topik-core,topik-extra,topik
kv1239,던지다,deon-ji-da,to throw,verb,3,daily-life-actions,daily-life-actions,,topik-core,topik-core,topik-extra,topik
kv1240,공간,gong-gan,space or room,noun,3,places-buildings,places-buildings|home-household,,topik-core,topik-core,topik-extra,topik
kv1241,벌이다,beol-i-da,to plan to start a job/project  to play a table game,verb,3,time-calendar,time-calendar|hobbies-sports,,topik-core,topik-core,topik-extra,topik
kv1242,강조하다,gang-jo-ha-da,to place empasis upon,verb,3,verbs-actions,verbs-actions,,topik2-level5-vocab|topik-core,topik2-level5-vocab,topik-vocab,topik
kv1243,맡다,mat-da,to take charge of,verb,3,verbs-actions,verbs-actions,,topik-core,topik-core,topik-extra,topik
kv1244,한편,han-pyeon,"one side, one way",adverb,3,verbs-actions,verbs-actions,,topik-core,topik-core,topik-extra,topik
kv1245,기자,gi-ja,a journalist,noun,3,general-core,general-core,,topik-core,topik-core,topik-extra,topik
kv1246,주로,ju-ro,in the main,adverb,3,verbs-actions,verbs-actions,,test-intermediate-reading-3|topik-core,test-intermediate-reading-3,topik-test,topik
kv1247,훨씬,hueol-ssin,"by far, very much so",adverb,3,descriptions-qualities,descriptions-qualities,,topik-core,topik-core,topik-extra,topik
kv1248,통일,tong-il,unification,noun,3,animals-nature,animals-nature,,topik-core,topik-core,topik-extra,topik
kv1249,들어서다,deul-eo-seo-da,"to enter, step into",verb,3,verbs-actions,verbs-actions,bab20,bab20|topik-core,bab20,bab,workbook+topik
kv1250,시설,si-seol,"establishment, institution",noun,3,general-core,general-core,,topik-core,topik-core,topik-extra,topik
kv1251,주변,ju-byeon,a circumference,noun,3,general-core,general-core,,topik-core,topik-core,topik-extra,topik
kv1252,대신,dae-sin,instead of,noun,3,food-drink,food-drink,,topik-core,topik-core,topik-extra,topik
kv1253,차례,cha-rye,"order, precedence  one time, one round",noun,3,time-calendar,time-calendar,,topik-core,topik-core,topik-extra,topik
kv1254,군,gun,mr,noun,3,general-core,general-core,,topik-core,topik-core,topik-extra,topik
kv1255,재산,jae-san,"property, fortune, assets, possessions",noun,3,general-core,general-core,,topik-core,topik-core,topik-extra,topik
kv1256,약간,yak-gan,"some, a little",adverb,3,verbs-actions,verbs-actions,,topik-core,topik-core,topik-extra,topik
kv1257,요구하다,yo-gu-ha-da,"to demand, claim, request",verb,3,verbs-actions,verbs-actions,,topik-core,topik-core,topik-extra,topik
kv1258,첫,cheos,first,determiner,3,questions-pronouns,questions-pronouns,,topik-core,topik-core,topik-extra,topik
kv1259,기간,gi-gan,a period or a time or,noun,3,time-calendar,time-calendar,,test-intermediate-reading-1|topik-core,test-intermediate-reading-1,topik-test,topik
kv1260,일으키다,il-eu-ki-da,"to raise, get up; start, commence",verb,3,time-calendar,time-calendar,,topik-core,topik-core,topik-extra,topik
kv1261,공장,gong-jang,construction site,noun,3,general-core,general-core,,topik-core,topik-core,topik-extra,topik
kv1262,즐기다,jeul-gi-da,"to enjoy oneself, take pleasure, delight",verb,3,descriptions-qualities,descriptions-qualities,,topik-core,topik-core,topik-extra,topik
kv1263,변하다,byeon-ha-da,to change,verb,3,verbs-actions,verbs-actions,,test-intermediate-reading-3|topik-core,test-intermediate-reading-3,topik-test,topik
kv1264,아무리,a-mu-ri,however much,adverb,3,verbs-actions,verbs-actions,,topik-core,topik-core,topik-extra,topik
kv1265,맞추다,maj-chu-da,"to adjust, adapt",verb,3,verbs-actions,verbs-actions,,topik-core,topik-core,topik-extra,topik
kv1266,쌀,ssal,uncooked rice,noun,3,people-occupations,people-occupations|food-drink,,topik-core,topik-core,topik-extra,topik
kv1267,일반,il-ban,"universal, common, usual",noun,3,general-core,general-core,,topik-core,topik-core,topik-extra,topik
kv1268,막다,mak-da,"to stop, obstruct",verb,3,verbs-actions,verbs-actions,,topik-core,topik-core,topik-extra,topik
kv1269,버리다,beo-ri-da,to throw away,verb,3,daily-life-actions,daily-life-actions,,test-intermediate-advanced-2|test-intermediate-reading-3|test-intermediate-reading-1|topik-core,test-intermediate-advanced-2,topik-test,topik
kv1270,붙이다,but-i-da,"to affix, put on",verb,3,verbs-actions,verbs-actions,,topik-core,topik-core,topik-extra,topik
kv1271,늘,neul,always,adverb,3,verbs-actions,verbs-actions,,test-intermediate-reading-3|topik-core,test-intermediate-reading-3,topik-test,topik
kv1272,전국,jeon-guk,the whole country / nationwide,noun,3,descriptions-qualities,descriptions-qualities,,topik-core,topik-core,topik-extra,topik
kv1273,마치다,ma-chi-da,"to finish, complete",verb,3,verbs-actions,verbs-actions,,topik-core,topik-core,topik-extra,topik
kv1274,도움,do-um,help,noun,3,general-core,general-core,,test-intermediate-advanced-2|test-intermediate-reading-3|test-intermediate-reading-1|topik-core,test-intermediate-advanced-2,topik-test,topik
kv1275,가정,ga-jeong,family / household,noun,3,family-relationships,family-relationships|places-buildings|home-household,,topik-core,topik-core,topik-extra,topik
kv1276,빠지다,bba-ji-da,to fall into / be missing,verb,3,weather-seasons,weather-seasons,,topik-core,topik-core,topik-extra,topik
kv1277,오늘날,o-neul-nal,nowadays,noun,3,time-calendar,time-calendar,,topik-core,topik-core,topik-extra,topik
kv1278,농업,nong-eop,agriculture,noun,3,general-core,general-core,,topik-core,topik-core,topik-extra,topik
kv1279,식,sik,form / style / method,dependent noun,3,general-core,general-core,,topik-core,topik-core,topik-extra,topik
kv1280,의견,eui-gyeon,"an opinion, a suggestion",noun,3,general-core,general-core,,topik-core,topik-core,topik-extra,topik
kv1281,표현하다,pyo-hyeon-ha-da,"to express, make known by saying",verb,3,communication-media,communication-media,,topik-core,topik-core,topik-extra,topik
kv1282,이상하다,i-sang-ha-da,"to be strange, queer",adjective,3,descriptions-qualities,descriptions-qualities,,topik-core,topik-core,topik-extra,topik
kv1283,붙다,but-da,"to stick, adhere to",verb,3,verbs-actions,verbs-actions,,topik-core,topik-core,topik-extra,topik
kv1284,경기,gyeong-gi,race or match or contest,noun,3,school-study,school-study,,test-intermediate-advanced-2|test-intermediate-reading-3|test-topik-ii-level-3-practice-2|topik-core,test-intermediate-advanced-2,topik-test,topik
kv1285,목적,mok-jeok,"goal, purpose",noun,3,travel-movement,travel-movement,,topik2-level3-vocab|topik-core,topik2-level3-vocab,topik-vocab,topik
kv1286,태도,tae-do,"attitude, comportment",noun,3,general-core,general-core,,topik2-level4-vocab|topik-core,topik2-level4-vocab,topik-vocab,topik
kv1287,남성,nam-seong,male,noun,3,general-core,general-core,,topik-core,topik-core,topik-extra,topik
kv1288,주위,ju-ui,"the circumference, the girth",noun,3,general-core,general-core,,topik-core,topik-core,topik-extra,topik
kv1289,그만,geu-man,that much or a little amount,adverb,3,clothing-appearance,clothing-appearance,,topik-core,topik-core,topik-extra,topik
kv1290,발생하다,bal-saeng-ha-da,"to originate, come from",verb,3,travel-movement,travel-movement,,topik-core,topik-core,topik-extra,topik
kv1291,어쩌다,eo-jjeo-da,"to by chance, accident",verb,3,verbs-actions,verbs-actions,,topik-core,topik-core,topik-extra,topik
kv1292,재료,jae-ryo,"stuff, material",noun,3,general-core,general-core,,topik-core,topik-core,topik-extra,topik
kv1293,각각,gak-gak,each and every,adverb,3,verbs-actions,verbs-actions,,topik-core,topik-core,topik-extra,topik
kv1294,옮기다,olm-gi-da,"to move, transfer  communicate, transfer to",verb,3,animals-nature,animals-nature,,topik-core,topik-core,topik-extra,topik
kv1295,자유,ja-yu,freedom,noun,3,general-core,general-core,,topik-core,topik-core,topik-extra,topik
kv1296,책임,chaek-im,responsibility,noun,3,general-core,general-core,,topik2-level3-vocab|topik2-level5-vocab|topik-core,topik2-level3-vocab,topik-vocab,topik
kv1297,바뀌다,ba-ggui-da,"to be changed, to have changed into",verb,3,descriptions-qualities,descriptions-qualities,,topik-core,topik-core,topik-extra,topik
kv1298,심하다,sim-ha-da,"to be extreme, intense",adjective,3,descriptions-qualities,descriptions-qualities,,topik-core,topik-core,topik-extra,topik
kv1299,자라다,ja-ra-da,to grow up,verb,3,verbs-actions,verbs-actions,,topik-core,topik-core,topik-extra,topik
kv1300,구체적,gu-che-jeok,concretely,noun,3,general-core,general-core,,topik-core,topik-core,topik-extra,topik
kv1301,기회,gi-hoi,an opportunity,noun,3,general-core,general-core,,topik2-level3-vocab|topik2-level4-vocab|test-intermediate-reading-3|test-topik-ii-level-3-practice-2|topik-core,topik2-level3-vocab,topik-vocab,topik
kv1302,지구,ji-gu,"the earth, the planet earth",noun,3,body-health,body-health,,topik2-level4-vocab|topik-core,topik2-level4-vocab,topik-vocab,topik
kv1303,번째,beon-jjae,how many times,dependent noun,3,time-calendar,time-calendar|descriptions-qualities,,topik-core,topik-core,topik-extra,topik
kv1304,소비자,so-bi-ja,a consumer,noun,3,general-core,general-core,,topik-core,topik-core,topik-extra,topik
kv1305,기준,gi-jun,a standard or basis,noun,3,general-core,general-core,,topik-core,topik-core,topik-extra,topik
kv1306,반드시,ban-deu-si,most certainly,adverb,3,verbs-actions,verbs-actions,,topik-core,topik-core,topik-extra,topik
kv1307,받아들이다,bat-a-deul-i-da,to accept as one`s own,verb,3,verbs-actions,verbs-actions,,topik-core,topik-core,topik-extra,topik
kv1308,꺼내다,ggeo-nae-da,to take out,verb,3,daily-life-actions,daily-life-actions,,topik-core,topik-core,topik-extra,topik
kv1309,노동자,no-dong-ja,"laborer, worker",noun,3,people-occupations,people-occupations,,topik-core,topik-core,topik-extra,topik
kv1310,동네,dong-ne,neighborhood,noun,3,general-core,general-core,,topik-core,topik-core,topik-extra,topik
kv1311,완전히,oan-jeon-hi,"completely, perfectly",adverb,3,verbs-actions,verbs-actions,,topik-core,topik-core,topik-extra,topik
kv1312,전하다,jeon-ha-da,"to transmit, convey",verb,3,verbs-actions,verbs-actions,,topik-core,topik-core,topik-extra,topik
kv1313,별로,byeol-ro,"especially, particularly; not really + neg",adverb,3,verbs-actions,verbs-actions,,topik-core,topik-core,topik-extra,topik
kv1314,정하다,jeong-ha-da,"to set, determine",verb,3,verbs-actions,verbs-actions,,topik-core,topik-core,topik-extra,topik
kv1315,대중,dae-jung,the masses,noun,3,general-core,general-core,,topik-core,topik-core,topik-extra,topik
kv1316,늘어나다,neul-eo-na-da,to grow longer,verb,3,descriptions-qualities,descriptions-qualities,,topik-core,topik-core,topik-extra,topik
kv1317,각종,gak-jong,all sorts or varieties,noun,3,general-core,general-core,,topik-core,topik-core,topik-extra,topik
kv1318,빛,bich,light,noun,3,descriptions-qualities,descriptions-qualities,,topik-core,topik-core,topik-extra,topik
kv1319,야,ya,hey! / vocative ending,interjection,3,time-calendar,time-calendar|animals-nature,,topik-core,topik-core,topik-extra,topik
kv1320,발견하다,bal-gyeon-ha-da,to discover,verb,3,verbs-actions,verbs-actions,,topik-core,topik-core,topik-extra,topik
kv1321,특징,teuk-jing,"a special feature, a distinguishing feature",noun,3,general-core,general-core,,topik2-level5-vocab|topik-core,topik2-level5-vocab,topik-vocab,topik
kv1322,선수,seon-su,an athlete,noun,3,general-core,general-core,,topik-core,topik-core,topik-extra,topik
kv1323,마련하다,ma-ryeon-ha-da,"to plan, arrange",verb,3,verbs-actions,verbs-actions,,topik-core,topik-core,topik-extra,topik
kv1324,발표하다,bal-pyo-ha-da,to announce,verb,3,verbs-actions,verbs-actions,,topik-core,topik-core,topik-extra,topik
kv1325,주제,ju-je,"subject, theme, topic",noun,3,general-core,general-core,,test-topik-ii-level-3-practice-2|topik-core,test-topik-ii-level-3-practice-2,topik-test,topik
kv1326,기본,gi-bon,a foundation,noun,3,general-core,general-core,,topik-core,topik-core,topik-extra,topik
kv1327,사라지다,sa-ra-ji-da,to disappear,verb,3,body-health,body-health,,topik-core,topik-core,topik-extra,topik
kv1328,감정,gam-jeong,feelings,noun,3,feelings-emotions,feelings-emotions,,topik-core,topik-core,topik-extra,topik
kv1329,기억,gi-eok,a memory,noun,3,general-core,general-core,,topik-core,topik-core,topik-extra,topik
kv1330,인기,in-gi,popularity,noun,3,general-core,general-core,,test-intermediate-reading-1|topik-core,test-intermediate-reading-1,topik-test,topik
kv1331,관리,goan-ri,management or administration,noun,3,general-core,general-core,,test-topik-ii-level-3-practice-2|topik-core,test-topik-ii-level-3-practice-2,topik-test,topik
kv1332,들리다,deul-ri-da,"to be possessed, haunted",verb,3,family-relationships,family-relationships|descriptions-qualities,,topik-core,topik-core,topik-extra,topik
kv1333,달리다,dal-ri-da,"to hang, be supsended",verb,3,time-calendar,time-calendar,,topik-core,topik-core,topik-extra,topik
kv1334,이전,i-jeon,former days/times; the prior/previous one,noun,3,time-calendar,time-calendar,,topik-core,topik-core,topik-extra,topik
kv1335,시키다,si-ki-da,to make,verb,3,daily-life-actions,daily-life-actions,,topik-core,topik-core,topik-extra,topik
kv1336,국제,guk-je,international,noun,3,general-core,general-core,,topik-core,topik-core,topik-extra,topik
kv1337,그룹,geu-rup,group,noun,3,general-core,general-core,,topik-core,topik-core,topik-extra,topik
kv1338,인생,in-saeng,life,noun,3,general-core,general-core,,topik-core,topik-core,topik-extra,topik
kv1339,전통,jeon-tong,"tradition, convention",noun,3,general-core,general-core,,topik2-level4-vocab|topik2-level5-vocab|topik-core,topik2-level4-vocab,topik-vocab,topik
kv1340,기르다,gi-reu-da,to educate or train or cultivate  to grow long hair,verb,3,transport-directions,transport-directions|clothing-appearance|weather-seasons|animals-nature|descriptions-qualities,,topik-core,topik-core,topik-extra,topik
kv1341,조사하다,jo-sa-ha-da,"to examine, investigate",verb,3,school-study,school-study,,topik2-level5-vocab|topik-core,topik2-level5-vocab,topik-vocab,topik
kv1342,커다랗다,keo-da-rah-da,to be very big/large,adjective,3,descriptions-qualities,descriptions-qualities,,topik-core,topik-core,topik-extra,topik
kv1343,시인,si-in,a poet,noun,3,general-core,general-core,,topik-core,topik-core,topik-extra,topik
kv1344,외,oi,"except, save for",dependent noun,3,general-core,general-core,,test-intermediate-reading-3|topik-core,test-intermediate-reading-3,topik-test,topik
kv1345,위치,ui-chi,"a position, a location",noun,3,animals-nature,animals-nature,,topik-core,topik-core,topik-extra,topik
kv1346,줄이다,jul-i-da,"to reduce, decrease",verb,3,verbs-actions,verbs-actions,,test-intermediate-advanced-2|test-intermediate-reading-3|test-topik-ii-level-3-practice-2|topik-core,test-intermediate-advanced-2,topik-test,topik
kv1347,달라지다,dal-ra-ji-da,"to change, vary",verb,3,verbs-actions,verbs-actions,,topik-core,topik-core,topik-extra,topik
kv1348,원하다,ueon-ha-da,to want,verb,3,verbs-actions,verbs-actions,bab20,bab20|topik-core,bab20,bab,workbook+topik
kv1349,통신,tong-sin,"communications, correspondance",noun,3,animals-nature,animals-nature|hobbies-sports,,topik-core,topik-core,topik-extra,topik
kv1350,확인하다,hoak-in-ha-da,"to confirm, corroborate",verb,3,verbs-actions,verbs-actions,,topik-core,topik-core,topik-extra,topik
kv1351,모임,mo-im,"a group, a party",noun,3,events-celebrations,events-celebrations,,topik-core,topik-core,topik-extra,topik
kv1352,웃음,us-eum,"laughter, a smile",noun,3,general-core,general-core,,topik-core,topik-core,topik-extra,topik
kv1353,기계,gi-gye,an instrument or a machine,noun,3,general-core,general-core,,test-intermediate-advanced-2|topik-core,test-intermediate-advanced-2,topik-test,topik
kv1354,아나운서,a-na-un-seo,announcer,noun,3,general-core,general-core,,topik-core,topik-core,topik-extra,topik
kv1355,펴다,pyeo-da,"to spread out, unfold",verb,3,communication-media,communication-media,,test-intermediate-reading-1|topik-core,test-intermediate-reading-1,topik-test,topik
kv1356,종교,jong-gyo,"religion, a faith",noun,3,general-core,general-core,,topik-core,topik-core,topik-extra,topik
kv1357,자연스럽다,ja-yeon-seu-reop-da,to be natural,adjective,3,descriptions-qualities,descriptions-qualities,,test-intermediate-reading-3|test-intermediate-reading-1|test-topik-ii-level-3-practice-2|topik-core,test-intermediate-reading-3,topik-test,topik
kv1358,돌다,dol-da,to get crazy,verb,3,verbs-actions,verbs-actions,,test-level-2-practice|topik-core,test-level-2-practice,topik-test,topik
kv1359,이해,i-hae,understanding,noun,3,general-core,general-core,,topik-core,topik-core,topik-extra,topik
kv1360,혹은,hok-eun,if that's not the case,adverb,3,clothing-appearance,clothing-appearance,,topik-core,topik-core,topik-extra,topik
kv1361,편,pyeon,"compilation, editing",dependent noun,3,general-core,general-core,,test-topik-ii-level-3-practice-2|topik-core,test-topik-ii-level-3-practice-2,topik-test,topik
kv1362,노력하다,no-ryeok-ha-da,"to try hard, strive",verb,3,verbs-actions,verbs-actions,,topik-core,topik-core,topik-extra,topik
kv1363,보호,bo-ho,"protection, shelter",noun,3,general-core,general-core,,topik2-level4-vocab|topik2-level5-vocab|test-intermediate-reading-3|test-topik-ii-level-3-practice-2|topik-core,topik2-level4-vocab,topik-vocab,topik
kv1364,이웃,i-us,the neighborhood,noun,3,general-core,general-core,,topik-core,topik-core,topik-extra,topik
kv1365,공동,gong-dong,"association or union or collaboration, working together",noun,3,general-core,general-core,,topik-core,topik-core,topik-extra,topik
kv1366,까닭,gga-dalk,reason,noun,3,general-core,general-core,,topik-core,topik-core,topik-extra,topik
kv1367,소녀,so-nyeo,a young girl,noun,3,general-core,general-core,,topik-core,topik-core,topik-extra,topik
kv1368,지나가다,ji-na-ga-da,"to pass, elapse",verb,3,verbs-actions,verbs-actions,,test-intermediate-reading-3|test-topik-ii-level-3-practice-2|topik-core,test-intermediate-reading-3,topik-test,topik
kv1369,상품,sang-pum,product,noun,3,general-core,general-core,,test-intermediate-advanced-2|test-intermediate-reading-3|test-intermediate-reading-1|topik-core,test-intermediate-advanced-2,topik-test,topik
kv1370,훌륭하다,hul-ryung-ha-da,to be excellent,adjective,3,descriptions-qualities,descriptions-qualities,,topik-core,topik-core,topik-extra,topik
kv1371,새로,sae-ro,"newly, anew",adverb,3,verbs-actions,verbs-actions,,test-intermediate-reading-3|test-topik-ii-level-3-practice-2|topik-core,test-intermediate-reading-3,topik-test,topik
kv1372,종류,jong-ryu,"kind, sort, species",noun,3,general-core,general-core,,topik-core,topik-core,topik-extra,topik
kv1373,키우다,ki-u-da,"to raise, bring up, rear",verb,3,body-health,body-health,,topik-core,topik-core,topik-extra,topik
kv1374,눕다,nup-da,to lie down,verb,3,verbs-actions,verbs-actions,,topik-core,topik-core,topik-extra,topik
kv1375,발달하다,bal-dal-ha-da,to advance,verb,3,verbs-actions,verbs-actions,,topik-core,topik-core,topik-extra,topik
kv1376,발전하다,bal-jeon-ha-da,"to develop, grow",verb,3,verbs-actions,verbs-actions,,topik2-level3-vocab|topik2-level4-vocab|topik2-level5-vocab|topik-core,topik2-level3-vocab,topik-vocab,topik
kv1377,죽음,juk-eum,death,noun,3,general-core,general-core,,topik-core,topik-core,topik-extra,topik
kv1378,고통,go-tong,suffering or agony,noun,3,travel-movement,travel-movement,,topik-core,topik-core,topik-extra,topik
kv1379,듯이,deus-i,as if / like,dependent noun,3,feelings-emotions,feelings-emotions,,topik-core,topik-core,topik-extra,topik
kv1380,어울리다,eo-ul-ri-da,"to be becoming, suiting",verb,3,descriptions-qualities,descriptions-qualities,,topik-core,topik-core,topik-extra,topik
kv1381,알리다,al-ri-da,"to inform, tell about, to make known",verb,3,communication-media,communication-media|daily-life-actions,,topik-core,topik-core,topik-extra,topik
kv1382,멀리,meol-ri,far away,adverb,3,descriptions-qualities,descriptions-qualities,,topik-core,topik-core,topik-extra,topik
kv1383,빼다,bbae-da,"to pull out, extract",verb,3,verbs-actions,verbs-actions,,topik-core,topik-core,topik-extra,topik
kv1384,예정,ye-jeong,"a program, schedule",noun,3,general-core,general-core,,topik-core,topik-core,topik-extra,topik
kv1385,흔히,heun-hi,"generally, commonly ; often",adverb,3,verbs-actions,verbs-actions,,topik-core,topik-core,topik-extra,topik
kv1386,느껴지다,neu-ggyeo-ji-da,to feel,verb,3,feelings-emotions,feelings-emotions,,topik-core,topik-core,topik-extra,topik
kv1387,전문,jeon-mun,a specialty,noun,3,general-core,general-core,,topik-core,topik-core,topik-extra,topik
kv1388,정확하다,jeong-hoak-ha-da,to be exact,adjective,3,descriptions-qualities,descriptions-qualities,,test-intermediate-advanced-2|test-intermediate-reading-1|topik-core,test-intermediate-advanced-2,topik-test,topik
kv1389,찾아오다,chaj-a-o-da,"to go meet somebody, to go get sth",verb,3,travel-movement,travel-movement,,topik-core,topik-core,topik-extra,topik
kv1390,사용,sa-yong,"use, employment",noun,3,general-core,general-core,,test-intermediate-reading-3|test-topik-ii-level-3-practice-2|topik-core,test-intermediate-reading-3,topik-test,topik
kv1391,결정하다,gyeol-jeong-ha-da,to decide,verb,3,verbs-actions,verbs-actions,,topik2-level3-vocab|topik2-level5-vocab|topik-core,topik2-level3-vocab,topik-vocab,topik
kv1392,경영,gyeong-yeong,management or administration,noun,3,general-core,general-core,,topik-core,topik-core,topik-extra,topik
kv1393,목표,mok-pyo,"goal, object",noun,3,travel-movement,travel-movement,,topik-core,topik-core,topik-extra,topik
kv1394,숲,sup,forest,noun,3,general-core,general-core,,topik-core,topik-core,topik-extra,topik
kv1395,없어지다,eops-eo-ji-da,"to lose, get lost",verb,3,verbs-actions,verbs-actions,,topik-core,topik-core,topik-extra,topik
kv1396,떠오르다,ddeo-o-reu-da,"to run across, to cross one's mind",verb,3,travel-movement,travel-movement,,topik-core,topik-core,topik-extra,topik
kv1397,미치다,mi-chi-da,to reach,verb,3,verbs-actions,verbs-actions,,topik-core,topik-core,topik-extra,topik
kv1398,얼른,eol-reun,"fast, quickly, rapidly",adverb,3,verbs-actions,verbs-actions,,topik-core,topik-core,topik-extra,topik
kv1399,임금,im-geum,"wages, pay",noun,3,general-core,general-core,,topik-core,topik-core,topik-extra,topik
kv1400,직장,jik-jang,one's work place,noun,3,general-core,general-core,,topik-core,topik-core,topik-extra,topik
kv1401,참다,cham-da,"to bear, endure",verb,3,time-calendar,time-calendar|body-health,,topik-core,topik-core,topik-extra,topik
kv1402,크기,keu-gi,"size, dimensions",noun,3,general-core,general-core,,topik-core,topik-core,topik-extra,topik
kv1403,남기다,nam-gi-da,to leave behind,verb,3,transport-directions,transport-directions,,topik-core,topik-core,topik-extra,topik
kv1404,서양,seo-yang,the Western countries,noun,3,general-core,general-core,,topik-core,topik-core,topik-extra,topik
kv1405,주요,ju-yo,"the major, the chief thing",noun,3,general-core,general-core,,topik-core,topik-core,topik-extra,topik
kv1406,지나치다,ji-na-chi-da,"to be go too far, to go to extremes  to let sth by",adjective,3,travel-movement,travel-movement|descriptions-qualities,,topik-core,topik-core,topik-extra,topik
kv1407,냄새,naem-sae,smell,noun,3,general-core,general-core,,topik-core,topik-core,topik-extra,topik
kv1408,부드럽다,bu-deu-reop-da,"to be soft, tender",adjective,3,time-calendar,time-calendar|descriptions-qualities,,topik-core,topik-core,topik-extra,topik
kv1409,공연,gong-yeon,a public performance,noun,3,general-core,general-core,,topik-core,topik-core,topik-extra,topik
kv1410,내놓다,nae-noh-da,"to put out, take out",verb,3,daily-life-actions,daily-life-actions,,topik-core,topik-core,topik-extra,topik
kv1411,떼다,dde-da,to unyoke,verb,3,verbs-actions,verbs-actions,,topik-core,topik-core,topik-extra,topik
kv1412,만들어지다,man-deul-eo-ji-da,"to make, create",verb,3,daily-life-actions,daily-life-actions,,topik-core,topik-core,topik-extra,topik
kv1413,속도,sok-do,speed,noun,3,general-core,general-core,,topik-core,topik-core,topik-extra,topik
kv1414,심각하다,sim-gak-ha-da,"to be seriousness, gravity",adjective,3,descriptions-qualities,descriptions-qualities,,topik2-level4-vocab|topik-core,topik2-level4-vocab,topik-vocab,topik
kv1415,계속되다,gye-sok-doi-da,to continue,verb,3,verbs-actions,verbs-actions,,topik-core,topik-core,topik-extra,topik
kv1416,소년,so-nyeon,a boy,noun,3,general-core,general-core,,topik-core,topik-core,topik-extra,topik
kv1417,소식,so-sik,"news, information",noun,3,general-core,general-core,,topik-core,topik-core,topik-extra,topik
kv1418,그중,geu-jung,among the rest of them; the most,noun,3,general-core,general-core,,topik-core,topik-core,topik-extra,topik
kv1419,노인,no-in,old person,noun,3,people-occupations,people-occupations,,topik-core,topik-core,topik-extra,topik
kv1420,벌다,beol-da,"to earn  ;  to invite, to bring onto oneself",verb,3,body-health,body-health,,topik-core,topik-core,topik-extra,topik
kv1421,살리다,sal-ri-da,"to 1) revive, bring around, restore to life 2) save, spare, rescue",verb,3,places-buildings,places-buildings,,topik-core,topik-core,topik-extra,topik
kv1422,결정,gyeol-jeong,a decision or determination,noun,3,general-core,general-core,,topik-core,topik-core,topik-extra,topik
kv1423,썰다,sseol-da,"to chip, mince, dice",verb,3,verbs-actions,verbs-actions,,topik-core,topik-core,topik-extra,topik
kv1424,이미지,i-mi-ji,image,noun,3,general-core,general-core,,topik-core,topik-core,topik-extra,topik
kv1425,업무,eop-mu,"buisness, duty",noun,3,general-core,general-core,,topik2-level3-vocab|test-intermediate-reading-3|topik-core,topik2-level3-vocab,topik-vocab,topik
kv1426,청소년,cheong-so-nyeon,"young boys and girls, teenagers",noun,3,general-core,general-core,,topik-core,topik-core,topik-extra,topik
kv1427,응,eung,"yes, i see!",interjection,3,general-core,general-core,,topik-core,topik-core,topik-extra,topik
kv1428,이기다,i-gi-da,to win,verb,3,verbs-actions,verbs-actions,,topik-core,topik-core,topik-extra,topik
kv1429,찾아보다,chaj-a-bo-da,to go meet somebody,verb,3,travel-movement,travel-movement,,topik-core,topik-core,topik-extra,topik
kv1430,취하다,chui-ha-da,to be drunk,verb,3,descriptions-qualities,descriptions-qualities,,topik-core,topik-core,topik-extra,topik
kv1431,선배,seon-bae,one's senior,noun,3,general-core,general-core,,topik-core,topik-core,topik-extra,topik
kv1432,구하다,gu-ha-da,to rescue a person,verb,3,people-occupations,people-occupations,,topik-core,topik-core,topik-extra,topik
kv1433,그러므로,geu-reo-meu-ro,so or hence or therefore,adverb,3,verbs-actions,verbs-actions,,topik-core,topik-core,topik-extra,topik
kv1434,포함하다,po-ham-ha-da,"to include, contain",verb,3,verbs-actions,verbs-actions,,topik-core,topik-core,topik-extra,topik
kv1435,만약,man-yak,if,noun,3,general-core,general-core,,topik-core,topik-core,topik-extra,topik
kv1436,바르다,ba-reu-da,"to be spread, apply",adjective,3,communication-media,communication-media|descriptions-qualities,,topik-core,topik-core,topik-extra,topik
kv1437,숨,sum,a breath,noun,3,general-core,general-core,,test-reading-20|topik-core,test-reading-20,topik-test,topik
kv1438,행사,haeng-sa,"an event, a function",noun,3,feelings-emotions,feelings-emotions|events-celebrations,,topik-core,topik-core,topik-extra,topik
kv1439,왕,oang,king,noun,3,general-core,general-core,,test-intermediate-1|topik-core,test-intermediate-1,topik-test,topik
kv1440,점점,jeom-jeom,"more and more, by degrees",adverb,3,verbs-actions,verbs-actions,,topik-core,topik-core,topik-extra,topik
kv1441,특별,teuk-byeol,"be special, extraordinary",noun,3,general-core,general-core,,test-intermediate-reading-1|topik-core,test-intermediate-reading-1,topik-test,topik
kv1442,판단,pan-dan,"a judgment, a conclusion",noun,3,general-core,general-core,,topik-core,topik-core,topik-extra,topik
kv1443,해결하다,hae-gyeol-ha-da,"to fix a problem, solve a question",verb,3,verbs-actions,verbs-actions,,topik2-level4-vocab|topik2-level5-vocab|test-intermediate-advanced-2|topik-core,topik2-level4-vocab,topik-vocab,topik
kv1444,계속하다,gye-sok-ha-da,to continue,verb,3,verbs-actions,verbs-actions,,topik-core,topik-core,topik-extra,topik
kv1445,그치다,geu-chi-da,to stop or cease or halt,verb,3,verbs-actions,verbs-actions,,topik-core,topik-core,topik-extra,topik
kv1446,너무나,neo-mu-na,extremely,adverb,3,verbs-actions,verbs-actions,,topik-core,topik-core,topik-extra,topik
kv1447,높이다,nop-i-da,"to raise, elevate, to make an amount bigger",verb,3,descriptions-qualities,descriptions-qualities|daily-life-actions,,topik-core,topik-core,topik-extra,topik
kv1448,막,mak,just now,adverb,3,verbs-actions,verbs-actions,,topik-core,topik-core,topik-extra,topik
kv1449,수출,su-chul,exporting sth,noun,3,general-core,general-core,,topik-core,topik-core,topik-extra,topik
kv1450,자르다,ja-reu-da,"to cut, chop",verb,3,verbs-actions,verbs-actions,,topik-core,topik-core,topik-extra,topik
kv1451,데리다,de-ri-da,to be accompanied by,verb,3,descriptions-qualities,descriptions-qualities,,topik-core,topik-core,topik-extra,topik
kv1452,무척,mu-cheok,extremely,adverb,3,verbs-actions,verbs-actions,,topik-core,topik-core,topik-extra,topik
kv1453,비용,bi-yong,expense,noun,3,general-core,general-core,,topik2-level4-vocab|topik-core,topik2-level4-vocab,topik-vocab,topik
kv1454,옳다,olh-da,"to be right, correct",adjective,3,transport-directions,transport-directions|descriptions-qualities,,topik-core,topik-core,topik-extra,topik
kv1455,원래,ueon-rae,"originally, primarily",noun,3,general-core,general-core,,test-intermediate-advanced-2|topik-core,test-intermediate-advanced-2,topik-test,topik
kv1456,최초,choi-cho,"in the very first, in the beginning",noun,3,general-core,general-core,,topik-core,topik-core,topik-extra,topik
kv1457,뿌리,bbu-ri,a root,noun,3,general-core,general-core,,topik-core,topik-core,topik-extra,topik
kv1458,수입,su-ip,importing sth,noun,3,general-core,general-core,,topik-core,topik-core,topik-extra,topik
kv1459,초,cho,second,dependent noun,3,general-core,general-core,,topik-core,topik-core,topik-extra,topik
kv1460,상대,sang-dae,"counterpart, companion, rival",noun,3,general-core,general-core,,topik-core,topik-core,topik-extra,topik
kv1461,피부,pi-bu,skin,noun,3,hobbies-sports,hobbies-sports,,topik-core,topik-core,topik-extra,topik
kv1462,가득,ga-deuk,full,adverb,3,verbs-actions,verbs-actions,,topik-core,topik-core,topik-extra,topik
kv1463,벽,byeok,a wall,noun,3,general-core,general-core,,topik-core,topik-core,topik-extra,topik
kv1464,장군,jang-gun,a general,noun,3,general-core,general-core,,topik-core,topik-core,topik-extra,topik
kv1465,무역,mu-yeok,trade,noun,3,general-core,general-core,,topik-core,topik-core,topik-extra,topik
kv1466,쳐다보다,chyeo-da-bo-da,to look up at,verb,3,verbs-actions,verbs-actions,,topik-core,topik-core,topik-extra,topik
kv1467,충분히,chung-bun-hi,"enough, sufficiently",adverb,3,verbs-actions,verbs-actions,,test-intermediate-reading-3|topik-core,test-intermediate-reading-3,topik-test,topik
kv1468,대,dae,counter for machines / vehicles,dependent noun,3,general-core,general-core,,test-intermediate-advanced-2|topik-core,test-intermediate-advanced-2,topik-test,topik
kv1469,신체,sin-che,the body,noun,3,general-core,general-core,,topik-core,topik-core,topik-extra,topik
kv1470,에너지,e-neo-ji,energy,noun,3,general-core,general-core,,topik2-level4-vocab|topik-core,topik2-level4-vocab,topik-vocab,topik
kv1471,정리하다,jeong-ri-ha-da,to organize / arrange,verb,3,verbs-actions,verbs-actions,,topik-core,topik-core,topik-extra,topik
kv1472,배경,bae-gyeong,background,noun,3,general-core,general-core,,topik-core,topik-core,topik-extra,topik
kv1473,죽이다,juk-i-da,to kill,verb,3,verbs-actions,verbs-actions,,topik-core,topik-core,topik-extra,topik
kv1474,단순하다,dan-sun-ha-da,to be simple,adjective,3,descriptions-qualities,descriptions-qualities,,topik-core,topik-core,topik-extra,topik
kv1475,반대,ban-dae,opposite and being opposed to,noun,3,general-core,general-core,,test-intermediate-advanced-2|topik-core,test-intermediate-advanced-2,topik-test,topik
kv1476,푸르다,pu-reu-da,"to be blue, to be green",adjective,3,descriptions-qualities,descriptions-qualities,,topik-core,topik-core,topik-extra,topik
kv1477,발표,bal-pyo,announcement,noun,3,general-core,general-core,,topik2-level3-vocab|topik2-level4-vocab|topik2-level5-vocab|topik-core,topik2-level3-vocab,topik-vocab,topik
kv1478,흔들다,heun-deul-da,"to shake, sway",verb,3,verbs-actions,verbs-actions,,topik-core,topik-core,topik-extra,topik
kv1479,기초,gi-cho,the foundation,noun,3,general-core,general-core,,topik-core,topik-core,topik-extra,topik
kv1480,뽑다,bbop-da,"to pull out, draw",verb,3,verbs-actions,verbs-actions,,topik-core,topik-core,topik-extra,topik
kv1481,미리,mi-ri,beforehand,adverb,3,body-health,body-health,,test-intermediate-advanced-2|topik-core,test-intermediate-advanced-2,topik-test,topik
kv1482,부족하다,bu-jok-ha-da,"to be be short of, lack",adjective,3,descriptions-qualities,descriptions-qualities,,topik-core,topik-core,topik-extra,topik
kv1483,저희,jeo-heui,we,pronoun,3,questions-pronouns,questions-pronouns,,topik-core,topik-core,topik-extra,topik
kv1484,진행되다,jin-haeng-doi-da,"to have progressed, be advanced",verb,3,verbs-actions,verbs-actions,,topik-core,topik-core,topik-extra,topik
kv1485,오랜,o-raen,for a long time,determiner,3,time-calendar,time-calendar|descriptions-qualities,,topik-core,topik-core,topik-extra,topik
kv1486,젊은이,jeolm-eun-i,young person,noun,3,people-occupations,people-occupations,,topik-core,topik-core,topik-extra,topik
kv1487,과제,goa-je,a task; a subject or a thesis or homework; an exercise/a problem,noun,3,school-study,school-study|places-buildings|home-household|hobbies-sports|communication-media,,topik2-level3-vocab|topik2-level4-vocab|topik-core,topik2-level3-vocab,topik-vocab,topik
kv1488,기록하다,gi-rok-ha-da,to record and write down,verb,3,communication-media,communication-media,,topik-core,topik-core,topik-extra,topik
kv1489,다가오다,da-ga-o-da,to approach,verb,3,verbs-actions,verbs-actions,,topik-core,topik-core,topik-extra,topik
kv1490,종합,jong-hap,synthesis,noun,3,general-core,general-core,,topik-core,topik-core,topik-extra,topik
kv1491,개발하다,gae-bal-ha-da,to develop or exploit or open up to development,verb,3,verbs-actions,verbs-actions,,test-intermediate-advanced-2|topik-core,test-intermediate-advanced-2,topik-test,topik
kv1492,떨다,ddeol-da,to do sth not important in an annoying way,verb,3,daily-life-actions,daily-life-actions,,topik-core,topik-core,topik-extra,topik
kv1493,자,ja,well!!,interjection,3,general-core,general-core,,topik-core,topik-core,topik-extra,topik
kv1494,자유롭다,ja-yu-rop-da,to be free,adjective,3,descriptions-qualities,descriptions-qualities,,topik-core,topik-core,topik-extra,topik
kv1495,적극적,jeok-geuk-jeok,"positively engaging, actively",noun,3,general-core,general-core,,topik-core,topik-core,topik-extra,topik
kv1496,판매,pan-mae,"sale, selling",noun,3,shopping-money,shopping-money,,topik-core,topik-core,topik-extra,topik
kv1497,점차,jeom-cha,"gradually, in steps",adverb,3,verbs-actions,verbs-actions,,topik-core,topik-core,topik-extra,topik
kv1498,톤,ton,a ton,dependent noun,3,general-core,general-core,,topik-core,topik-core,topik-extra,topik
kv1499,관련되다,goan-ryeon-doi-da,to be connected or related to,verb,3,time-calendar,time-calendar|descriptions-qualities,,topik-core,topik-core,topik-extra,topik
kv1500,나머지,na-meo-ji,"the rest, the remainder ; as a result of the excess of, as a result",noun,3,general-core,general-core,,topik-core,topik-core,topik-extra,topik
kv1501,미래,mi-rae,future,noun,3,general-core,general-core,,topik-core,topik-core,topik-extra,topik
kv1502,인구,in-gu,population,noun,3,general-core,general-core,,topik-core,topik-core,topik-extra,topik
kv1503,기대하다,gi-dae-ha-da,to expect or look forward to,verb,3,verbs-actions,verbs-actions,,topik-core,topik-core,topik-extra,topik
kv1504,흘리다,heul-ri-da,"to spill, shed",verb,3,verbs-actions,verbs-actions,,topik-core,topik-core,topik-extra,topik
kv1505,주인공,ju-in-gong,"the head of a family, the hero/heroine",noun,3,family-relationships,family-relationships|body-health,,topik-core,topik-core,topik-extra,topik
kv1506,당연하다,dang-yeon-ha-da,"to be be natural, be no wonder",adjective,3,descriptions-qualities,descriptions-qualities,,topik-core,topik-core,topik-extra,topik
kv1507,따로,dda-ro,differently,adverb,3,verbs-actions,verbs-actions,,topik-core,topik-core,topik-extra,topik
kv1508,빌리다,bil-ri-da,to lend,verb,3,time-calendar,time-calendar,,test-level-2-mock|topik-core,test-level-2-mock,topik-test,topik
kv1509,형님,hyeong-nim,"the respectful, proper way a man refers to an older friend",noun,3,family-relationships,family-relationships|time-calendar,,topik-core,topik-core,topik-extra,topik
kv1510,놓이다,noh-i-da,to be put on sth else  to become peaceful,verb,3,travel-movement,travel-movement|descriptions-qualities,,topik-core,topik-core,topik-extra,topik
kv1511,당장,dang-jang,"on the spot, immediately, right now",noun,3,transport-directions,transport-directions,,topik-core,topik-core,topik-extra,topik
kv1512,무렵,mu-ryeop,the time when,dependent noun,3,time-calendar,time-calendar,,topik-core,topik-core,topik-extra,topik
kv1513,사물,sa-mul,"objects, things",noun,3,general-core,general-core,,topik-core,topik-core,topik-extra,topik
kv1514,일반적,il-ban-jeok,"universal, general",noun,3,general-core,general-core,,topik-core,topik-core,topik-extra,topik
kv1515,곱다,gop-da,to be beautiful,adjective,3,clothing-appearance,clothing-appearance|descriptions-qualities,,test-intermediate-1|test-level-2-mock|test-level-2-practice|topik-core,test-intermediate-1,topik-test,topik
kv1516,바닥,ba-dak,floor,noun,3,general-core,general-core,,topik-core,topik-core,topik-extra,topik
kv1517,새끼,sae-ggi,"baby animal, mother fucker",noun,3,family-relationships,family-relationships|animals-nature,,topik-core,topik-core,topik-extra,topik
kv1518,생각되다,saeng-gak-doi-da,to come to think sth,verb,3,travel-movement,travel-movement|daily-life-actions,,topik-core,topik-core,topik-extra,topik
kv1519,서비스,seo-bi-seu,service,noun,3,general-core,general-core,,topik-core,topik-core,topik-extra,topik
kv1520,선택하다,seon-taek-ha-da,to choose,verb,3,daily-life-actions,daily-life-actions,,topik2-level3-vocab|topik2-level4-vocab|topik2-level5-vocab|topik-core,topik2-level3-vocab,topik-vocab,topik
kv1521,심다,sim-da,"to plant, sow",verb,3,animals-nature,animals-nature,,topik-core,topik-core,topik-extra,topik
kv1522,간단하다,gan-dan-ha-da,to be simple,adjective,3,descriptions-qualities,descriptions-qualities,,topik-core,topik-core,topik-extra,topik
kv1523,견디다,gyeon-di-da,to endure or bear,verb,3,time-calendar,time-calendar|body-health,,topik-core,topik-core,topik-extra,topik
kv1524,막히다,mak-hi-da,to be stopped up,verb,3,descriptions-qualities,descriptions-qualities,,topik-core,topik-core,topik-extra,topik
kv1525,뿌리다,bbu-ri-da,"to sprinkle, scatter",verb,3,animals-nature,animals-nature,,topik-core,topik-core,topik-extra,topik
kv1526,어쩌면,eo-jjeo-myeon,perhaps / possibly,adverb,3,verbs-actions,verbs-actions,,topik-core,topik-core,topik-extra,topik
kv1527,비밀,bi-mil,a secret,noun,3,general-core,general-core,,topik-core,topik-core,topik-extra,topik
kv1528,아까,a-gga,a little while ago,adverb,3,travel-movement,travel-movement,,topik-core,topik-core,topik-extra,topik
kv1529,알맞다,al-maj-da,"to be to fit, be fitting, suitable",adjective,3,descriptions-qualities,descriptions-qualities,bab20,bab20|test-level-1-2-practice|test-reading-20|test-intermediate-advanced-2|test-intermediate-reading-1|test-topik-ii-level-3-practice-2|topik-core,bab20,bab,workbook+topik
kv1530,희다,heui-da,"to be white, fair",adjective,3,descriptions-qualities,descriptions-qualities,,topik-core,topik-core,topik-extra,topik
kv1531,가리키다,ga-ri-ki-da,to point to or indicate,verb,3,animals-nature,animals-nature,,topik-core,topik-core,topik-extra,topik
kv1532,모시다,mo-si-da,to attend on,verb,3,time-calendar,time-calendar,,topik-core,topik-core,topik-extra,topik
kv1533,발달,bal-dal,"development, growth",noun,3,general-core,general-core,,topik-core,topik-core,topik-extra,topik
kv1534,수많다,su-manh-da,to be many and many,adjective,3,descriptions-qualities,descriptions-qualities,,topik-core,topik-core,topik-extra,topik
kv1535,잘못,jal-mos,"wrong, mistake",noun,3,general-core,general-core,,topik-core,topik-core,topik-extra,topik
kv1536,평화,pyeong-hoa,peace,noun,3,general-core,general-core,,topik-core,topik-core,topik-extra,topik
kv1537,공사,gong-sa,construction work or engineering work,noun,3,general-core,general-core,,topik-core,topik-core,topik-extra,topik
kv1538,돌,dol,"rock, stone",noun,3,general-core,general-core,,topik-core,topik-core,topik-extra,topik
kv1539,박사,bak-sa,"a doctor, a ph.D",noun,3,people-occupations,people-occupations,,topik-core,topik-core,topik-extra,topik
kv1540,전문가,jeon-mun-ga,a specialist,noun,3,general-core,general-core,,topik-core,topik-core,topik-extra,topik
kv1541,단지,dan-ji,"simple, merely",adverb,3,verbs-actions,verbs-actions,,topik-core,topik-core,topik-extra,topik
kv1542,무용,mu-yong,"dancing, a dance",noun,3,hobbies-sports,hobbies-sports,,topik-core,topik-core,topik-extra,topik
kv1543,불리다,bul-ri-da,to be called,verb,3,communication-media,communication-media|descriptions-qualities,,topik-core,topik-core,topik-extra,topik
kv1544,싸움,ssa-um,a fight,noun,3,general-core,general-core,,topik-core,topik-core,topik-extra,topik
kv1545,자꾸,ja-ggu,"constantly, repeatedly",adverb,3,verbs-actions,verbs-actions,,topik-core,topik-core,topik-extra,topik
kv1546,차리다,cha-ri-da,"to make ready, prepare",verb,3,communication-media,communication-media|daily-life-actions,,topik-core,topik-core,topik-extra,topik
kv1547,해외,hae-oi,"abroad, foreign countries",noun,3,transport-directions,transport-directions,,topik-core,topik-core,topik-extra,topik
kv1548,그리,geu-ri,"so or to that extent, so much as",adverb,3,clothing-appearance,clothing-appearance,bab20,bab20|topik-core,bab20,bab,workbook+topik
kv1549,뜨다,ddeu-da,to open [one`s eyes],verb,3,body-health,body-health|daily-life-actions,,topik-core,topik-core,topik-extra,topik
kv1550,미소,mi-so,smile,noun,3,general-core,general-core,,topik-core,topik-core,topik-extra,topik
kv1551,의미하다,eui-mi-ha-da,"to mean, signify",verb,3,verbs-actions,verbs-actions,,topik-core,topik-core,topik-extra,topik
kv1552,체육,che-yuk,physical education,noun,3,animals-nature,animals-nature,,topik-core,topik-core,topik-extra,topik
kv1553,땀,ddam,"perspiration, sudor, sweat, transpiration",noun,3,general-core,general-core,,topik-core,topik-core,topik-extra,topik
kv1554,잘되다,jal-doi-da,to turn out well,verb,3,verbs-actions,verbs-actions,,topik-core,topik-core,topik-extra,topik
kv1555,쌓이다,ssah-i-da,to be piled/heaped up,verb,3,descriptions-qualities,descriptions-qualities,,topik-core,topik-core,topik-extra,topik
kv1556,이익,i-ik,profit,noun,3,general-core,general-core,,topik-core,topik-core,topik-extra,topik
kv1557,쥐다,jui-da,"to hold, seize",verb,3,verbs-actions,verbs-actions,,topik-core,topik-core,topik-extra,topik
kv1558,게다가,ge-da-ga,in addition,adverb,3,verbs-actions,verbs-actions,,topik-core,topik-core,topik-extra,topik
kv1559,끓이다,ggeulh-i-da,to boil or heat or make hot,verb,3,verbs-actions,verbs-actions,,topik-core,topik-core,topik-extra,topik
kv1560,논문,non-mun,"dissertations , an academic paper",noun,3,general-core,general-core,,topik-core,topik-core,topik-extra,topik
kv1561,멈추다,meom-chu-da,to stop,verb,3,verbs-actions,verbs-actions,,topik-core,topik-core,topik-extra,topik
kv1562,사용되다,sa-yong-doi-da,"to be used, be employed",verb,3,descriptions-qualities,descriptions-qualities,,topik-core,topik-core,topik-extra,topik
kv1563,오랫동안,o-raes-dong-an,for a long time,noun,3,time-calendar,time-calendar|descriptions-qualities,,topik-core,topik-core,topik-extra,topik
kv1564,찾아가다,chaj-a-ga-da,to go to a place to meet somebody,verb,3,travel-movement,travel-movement,,test-intermediate-reading-1|topik-core,test-intermediate-reading-1,topik-test,topik
kv1565,늘다,neul-da,"to increase, gain",verb,3,verbs-actions,verbs-actions,,test-intermediate-1|test-level-2-practice|topik-core,test-intermediate-1,topik-test,topik
kv1566,양,yang,"quantity, volume",noun,3,general-core,general-core,,topik-core,topik-core,topik-extra,topik
kv1567,진짜,jin-jja,"real, authentic",adverb,3,verbs-actions,verbs-actions,,topik-core,topik-core,topik-extra,topik
kv1568,공기,gong-gi,air,noun,3,general-core,general-core,,topik-core,topik-core,topik-extra,topik
kv1569,닿다,dah-da,"to reach, get to",verb,3,verbs-actions,verbs-actions,,topik-core,topik-core,topik-extra,topik
kv1570,속하다,sok-ha-da,"to belong to, be affiliated with",verb,3,descriptions-qualities,descriptions-qualities,,topik-core,topik-core,topik-extra,topik
kv1571,올림픽,ol-rim-pik,Olympics,proper noun,3,general-core,general-core,,topik-core,topik-core,topik-extra,topik
kv1572,이외,i-oi,"except, apart from",noun,3,general-core,general-core,,topik-core,topik-core,topik-extra,topik
kv1573,제공하다,je-gong-ha-da,to provide / offer,verb,3,verbs-actions,verbs-actions,,topik-core,topik-core,topik-extra,topik
kv1574,기대,gi-dae,expectation / anticipation,noun,3,general-core,general-core,,topik-core,topik-core,topik-extra,topik
kv1575,식물,sik-mul,plant,noun,3,animals-nature,animals-nature,,topik-core,topik-core,topik-extra,topik
kv1576,옛,yes,"old, ancient",determiner,3,questions-pronouns,questions-pronouns,,topik-core,topik-core,topik-extra,topik
kv1577,적어도,jeok-eo-do,at the least,adverb,3,verbs-actions,verbs-actions,,topik-core,topik-core,topik-extra,topik
kv1578,편하다,pyeon-ha-da,to be comfortable / convenient,adjective,3,descriptions-qualities,descriptions-qualities,,topik-core,topik-core,topik-extra,topik
kv1579,어려움,eo-ryeo-um,difficulty / hardship,noun,3,transport-directions,transport-directions|descriptions-qualities,,topik-core,topik-core,topik-extra,topik
kv1580,분명히,bun-myeong-hi,obviously,adverb,3,verbs-actions,verbs-actions,,topik-core,topik-core,topik-extra,topik
kv1581,아무것,a-mu-geos,anything,noun,3,general-core,general-core,,topik-core,topik-core,topik-extra,topik
kv1582,온,on,"all, whole, entire",determiner,3,questions-pronouns,questions-pronouns,,test-intermediate-1|test-level-2-mock|test-level-2-practice|test-intermediate-advanced-2|test-intermediate-reading-3|test-intermediate-reading-1|test-topik-ii-level-3-practice-2|topik-core,test-intermediate-1,topik-test,topik
kv1583,젖다,jeoj-da,"to be wet, soaked",verb,3,descriptions-qualities,descriptions-qualities,,topik-core,topik-core,topik-extra,topik
kv1584,최대,choi-dae,"the greatest, the largest",noun,3,school-study,school-study,,topik-core,topik-core,topik-extra,topik
kv1585,평소,pyeong-so,"ordinary times, ordinarily",noun,3,time-calendar,time-calendar,,topik-core,topik-core,topik-extra,topik
kv1586,농사,nong-sa,farming,noun,3,descriptions-qualities,descriptions-qualities,,topik-core,topik-core,topik-extra,topik
kv1587,더구나,deo-gu-na,moreover / besides,adverb,3,verbs-actions,verbs-actions,,topik-core,topik-core,topik-extra,topik
kv1588,어둠,eo-dum,darkness,noun,3,general-core,general-core,,topik-core,topik-core,topik-extra,topik
kv1589,주택,ju-taek,a house,noun,3,places-buildings,places-buildings|home-household,,topik-core,topik-core,topik-extra,topik
kv1590,고장,go-jang,a district or producing area,noun,3,general-core,general-core,,test-topik-ii-level-3-practice-2|topik-core,test-topik-ii-level-3-practice-2,topik-test,topik
kv1591,관련하다,goan-ryeon-ha-da,to be related to or connected to,verb,3,time-calendar,time-calendar|descriptions-qualities,,topik-core,topik-core,topik-extra,topik
kv1592,밀다,mil-da,"to push, shove",verb,3,verbs-actions,verbs-actions,,topik-core,topik-core,topik-extra,topik
kv1593,음,eum,"sound you make to express doubt, worry",interjection,3,general-core,general-core,,topik-core,topik-core,topik-extra,topik
kv1594,고려하다,go-ryeo-ha-da,to regard or respect,verb,3,verbs-actions,verbs-actions,,topik-core,topik-core,topik-extra,topik
kv1595,농촌,nong-chon,a farm village,noun,3,descriptions-qualities,descriptions-qualities,,topik-core,topik-core,topik-extra,topik
kv1596,올라오다,ol-ra-o-da,to come up,verb,3,travel-movement,travel-movement,,topik-core,topik-core,topik-extra,topik
kv1597,챙기다,chaeng-gi-da,"to gather, collect, assemble your stuff; to amass",verb,3,verbs-actions,verbs-actions,,topik-core,topik-core,topik-extra,topik
kv1598,고르다,go-reu-da,to choose or select,verb,3,daily-life-actions,daily-life-actions,,test-level-1-2-practice|test-reading-skills-set|test-reading-20|test-intermediate-reading-1|test-topik-ii-level-3-practice-2|topik-core,test-level-1-2-practice,topik-test,topik
kv1599,벌어지다,beol-eo-ji-da,"to get serious, enlarge",verb,3,verbs-actions,verbs-actions,,topik-core,topik-core,topik-extra,topik
kv1600,미안합니다,mi-an-hap-ni-da,Sorry,expression,2,greetings-politeness,greetings-politeness,,topik1-vocab|test-level-1-2-practice,topik1-vocab,topik-vocab,topik
kv1601,맞아요,maj-a-yo,That's right,expression,2,general-core,general-core,,topik1-vocab,topik1-vocab,topik-vocab,topik
kv1602,아니에요,a-ni-e-yo,It's not,expression,2,general-core,general-core,,topik1-vocab,topik1-vocab,topik-vocab,topik
kv1603,처음 뵙겠습니다,cheo-eum boip-gess-seup-ni-da,Nice to meet you,expression,2,greetings-politeness,greetings-politeness,,topik1-vocab,topik1-vocab,topik-vocab,topik
kv1604,반갑습니다,ban-gap-seup-ni-da,Nice to meet you,expression,2,greetings-politeness,greetings-politeness,,topik1-vocab,topik1-vocab,topik-vocab,topik
kv1605,성,seong,Family name,noun,2,family-relationships,family-relationships|communication-media,,topik1-vocab,topik1-vocab,topik-vocab,topik
kv1606,국적,guk-jeok,Nationality,noun,2,general-core,general-core,,topik1-vocab,topik1-vocab,topik-vocab,topik
kv1607,카페,ka-pe,Café,noun,2,places-buildings,places-buildings,,topik1-vocab,topik1-vocab,topik-vocab,topik
kv1608,현금,hyeon-geum,Cash,noun,2,shopping-money,shopping-money,,topik1-vocab|test-level-2-mock,topik1-vocab,topik-vocab,topik
kv1609,초록색,cho-rok-saek,Green,noun,2,descriptions-qualities,descriptions-qualities,,topik1-vocab,topik1-vocab,topik-vocab,topik
kv1610,느리다,neu-ri-da,Slow,adjective,2,descriptions-qualities,descriptions-qualities,,topik1-vocab,topik1-vocab,topik-vocab,topik
kv1611,행복하다,haeng-bok-ha-da,Happy,adjective,2,feelings-emotions,feelings-emotions,,topik-core,topik-core,topik-extra,topik
kv1612,어떻게,eo-ddeoh-ge,How,adverb,2,questions-pronouns,questions-pronouns,bab20,topik1-vocab|bab20|test-reading-20,topik1-vocab,topik-vocab,workbook+topik
kv1613,습관,seup-goan,habit,noun,3,general-core,general-core,,topik2-level3-vocab|topik2-level4-vocab|test-intermediate-advanced-2,topik2-level3-vocab,topik-vocab,topik
kv1614,해결,hae-gyeol,solution,noun,3,general-core,general-core,,topik2-level3-vocab|topik2-level4-vocab,topik2-level3-vocab,topik-vocab,topik
kv1615,실수,sil-su,mistake,noun,3,feelings-emotions,feelings-emotions,,topik2-level3-vocab,topik2-level3-vocab,topik-vocab,topik
kv1616,성적,seong-jeok,grade,noun,3,school-study,school-study,,topik2-level3-vocab|topik2-level4-vocab,topik2-level3-vocab,topik-vocab,topik
kv1617,장학금,jang-hak-geum,scholarship,noun,3,school-study,school-study,,topik2-level3-vocab,topik2-level3-vocab,topik-vocab,topik
kv1618,월급,ueol-geup,salary,noun,3,shopping-money,shopping-money,,topik2-level3-vocab|topik2-level4-vocab,topik2-level3-vocab,topik-vocab,topik
kv1619,출근,chul-geun,go to work,noun,3,general-core,general-core,,topik2-level3-vocab|test-topik-ii-level-3-practice-2,topik2-level3-vocab,topik-vocab,topik
kv1620,퇴근,toi-geun,leave work,noun,3,general-core,general-core,,topik2-level3-vocab,topik2-level3-vocab,topik-vocab,topik
kv1621,이사,i-sa,move,noun,3,general-core,general-core,,topik2-level3-vocab,topik2-level3-vocab,topik-vocab,topik
kv1622,신청하다,sin-cheong-ha-da,to apply,verb,3,verbs-actions,verbs-actions,,topik2-level3-vocab|test-intermediate-advanced-2,topik2-level3-vocab,topik-vocab,topik
kv1623,참석하다,cham-seok-ha-da,to attend,verb,3,verbs-actions,verbs-actions,,topik2-level3-vocab|test-intermediate-advanced-2,topik2-level3-vocab,topik-vocab,topik
kv1624,증가하다,jeung-ga-ha-da,to increase,verb,3,verbs-actions,verbs-actions,,topik2-level3-vocab|topik2-level4-vocab|topik2-level5-vocab,topik2-level3-vocab,topik-vocab,topik
kv1625,감소하다,gam-so-ha-da,to decrease,verb,3,verbs-actions,verbs-actions,,topik2-level3-vocab|topik2-level4-vocab|topik2-level5-vocab,topik2-level3-vocab,topik-vocab,topik
kv1626,성공하다,seong-gong-ha-da,to succeed,verb,3,verbs-actions,verbs-actions,,topik2-level3-vocab,topik2-level3-vocab,topik-vocab,topik
kv1627,용돈,yong-don,allowance / pocket money,noun,2,shopping-money,shopping-money,bab20,bab20,bab20,bab,workbook
kv1628,쌀국수,ssal-guk-su,rice noodles / pho,noun,2,food-drink,food-drink,bab20,bab20,bab20,bab,workbook
kv1629,설거지하다,seol-geo-ji-ha-da,to wash the dishes,verb,2,home-household,home-household|daily-life-actions,bab20,bab20,bab20,bab,workbook
kv1630,팝콘,pap-kon,popcorn,noun,2,food-drink,food-drink,bab20,bab20,bab20,bab,workbook
kv1631,사장님,sa-jang-nim,business owner / boss (honorific),noun,2,people-occupations,people-occupations|greetings-politeness,bab20,bab20,bab20,bab,workbook
kv1632,어학당,eo-hak-dang,language institute,noun,2,school-study,school-study|places-buildings,bab20,bab20,bab20,bab,workbook
kv1633,세계 여행,se-gye yeo-haeng,world travel / trip around the world,noun phrase,2,travel-movement,travel-movement,bab20,bab20,bab20,bab,workbook
kv1634,여비,yeo-bi,travel expenses,noun,2,travel-movement,travel-movement|shopping-money,bab20,bab20,bab20,bab,workbook
kv1635,고향 친구,go-hyang chin-gu,friend from one’s hometown,noun phrase,2,family-relationships,family-relationships,bab20,bab20,bab20,bab,workbook
kv1636,베트남 음악,be-teu-nam eum-ak,Vietnamese music,noun phrase,2,countries-languages,countries-languages|hobbies-sports,bab20,bab20,bab20,bab,workbook
kv1637,한 통,han tong,one carton / container,counter phrase,2,numbers-counters,numbers-counters,bab20,bab20,bab20,bab,workbook
kv1638,춤을 추다,chum-eul chu-da,to dance,phrase,2,hobbies-sports,hobbies-sports,bab20,bab20,bab20,bab,workbook
kv1639,고추장,go-chu-jang,gochujang / red chili paste,noun,2,food-drink,food-drink,bab20,bab20,bab20,bab,workbook
kv1640,양파,yang-pa,onion,noun,2,food-drink,food-drink,bab20,bab20,bab20,bab,workbook
kv1641,어묵,eo-muk,fish cake,noun,2,food-drink,food-drink,bab20,bab20,bab20,bab,workbook
kv1642,고추가루,go-chu-ga-ru,chili powder (source spelling; standard: 고춧가루),noun,2,food-drink,food-drink,bab20,bab20,bab20,bab,workbook
kv1643,양배추,yang-bae-chu,cabbage,noun,2,food-drink,food-drink,bab20,bab20,bab20,bab,workbook
kv1644,수영복,su-yeong-bok,swimsuit,noun,2,clothing-appearance,clothing-appearance|hobbies-sports,bab20,bab20,bab20,bab,workbook
kv1645,수영 모자,su-yeong mo-ja,swimming cap,noun phrase,2,clothing-appearance,clothing-appearance|hobbies-sports,bab20,bab20,bab20,bab,workbook
kv1646,물안경,mul-an-gyeong,swimming goggles,noun,2,clothing-appearance,clothing-appearance|hobbies-sports,bab20,bab20,bab20,bab,workbook
kv1647,떡볶이 떡,ddeok-bokk-i ddeok,tteokbokki rice cakes,noun phrase,2,food-drink,food-drink,bab20,bab20,bab20,bab,workbook
kv1648,한가하다,han-ga-ha-da,to be free / not busy,adjective,2,descriptions-qualities,descriptions-qualities,,test-topik-ii-level-3-practice-2,test-topik-ii-level-3-practice-2,topik-test,topik
kv1649,긴장하다,gin-jang-ha-da,to be nervous / tense,verb,2,feelings-emotions,feelings-emotions,,topik-core,topik-core,topik-extra,topik
kv1650,가져가다,ga-jyeo-ga-da,to take / bring along,verb,2,daily-life-actions,daily-life-actions|travel-movement,,test-level-1-2-practice|test-level-2-mock|test-level-2-practice|test-intermediate-advanced-2|test-intermediate-reading-3|test-topik-ii-level-3-practice-2,test-level-1-2-practice,topik-test,topik
kv1651,출발시키다,chul-bal-si-ki-da,to make something depart / dispatch,verb,3,travel-movement,travel-movement,,test-topik-ii-level-3-practice-2,test-topik-ii-level-3-practice-2,topik-test,topik
kv1652,좋아지다,joh-a-ji-da,to become better / improve,verb,2,descriptions-qualities,descriptions-qualities,,test-intermediate-advanced-2|test-intermediate-reading-3,test-intermediate-advanced-2,topik-test,topik
kv1653,늦잠,neuj-jam,oversleeping / sleeping late,noun,2,daily-life-actions,daily-life-actions|time-calendar,,test-topik-ii-level-3-practice-2,test-topik-ii-level-3-practice-2,topik-test,topik
kv1654,반납하다,ban-nap-ha-da,to return an item,verb,2,daily-life-actions,daily-life-actions|school-study,,topik-core,topik-core,topik-extra,topik
kv1655,휴관,hyu-goan,closure of a public facility,noun,2,places-buildings,places-buildings|time-calendar,,test-intermediate-reading-1|test-topik-ii-level-3-practice-2,test-intermediate-reading-1,topik-test,topik
kv1656,정상적,jeong-sang-jeok,normal / regular,adjective,3,descriptions-qualities,descriptions-qualities,,test-topik-ii-level-3-practice-2,test-topik-ii-level-3-practice-2,topik-test,topik
kv1657,큰 소리,keun so-ri,loud voice / loud sound,noun phrase,2,communication-media,communication-media,,topik-core,topik-core,topik-extra,topik
kv1658,통화하다,tong-hoa-ha-da,to talk on the phone,verb,2,communication-media,communication-media,,test-topik-ii-level-3-practice-2,test-topik-ii-level-3-practice-2,topik-test,topik
kv1659,예절,ye-jeol,etiquette / manners,noun,2,greetings-politeness,greetings-politeness|general-core,,test-topik-ii-level-3-practice-2,test-topik-ii-level-3-practice-2,topik-test,topik
kv1660,예약하다,ye-yak-ha-da,to reserve / book,verb,2,events-celebrations,events-celebrations|daily-life-actions,,test-intermediate-advanced-2|test-topik-ii-level-3-practice-2,test-intermediate-advanced-2,topik-test,topik
kv1661,할인되다,hal-in-doi-da,to be discounted,verb,2,shopping-money,shopping-money,,test-topik-ii-level-3-practice-2,test-topik-ii-level-3-practice-2,topik-test,topik
kv1662,운동회,un-dong-hoi,sports day / athletic meet,noun,2,events-celebrations,events-celebrations|hobbies-sports|school-study,,test-topik-ii-level-3-practice-2,test-topik-ii-level-3-practice-2,topik-test,topik
kv1663,취소되다,chui-so-doi-da,to be canceled,verb,2,events-celebrations,events-celebrations,,test-intermediate-reading-3|test-topik-ii-level-3-practice-2,test-intermediate-reading-3,topik-test,topik
kv1664,계산하다,gye-san-ha-da,to calculate / pay the bill,verb,2,shopping-money,shopping-money|numbers-counters,,topik-core,topik-core,topik-extra,topik
kv1665,취직하다,chui-jik-ha-da,to get a job,verb,3,people-occupations,people-occupations,,test-topik-ii-level-3-practice-2,test-topik-ii-level-3-practice-2,topik-test,topik
kv1666,장점,jang-jeom,advantage / strength,noun,2,general-core,general-core,,test-intermediate-advanced-2|test-topik-ii-level-3-practice-2,test-intermediate-advanced-2,topik-test,topik
kv1667,보호하다,bo-ho-ha-da,to protect,verb,2,verbs-actions,verbs-actions|animals-nature,,test-intermediate-reading-3|test-intermediate-reading-1|test-topik-ii-level-3-practice-2,test-intermediate-reading-3,topik-test,topik
kv1668,일회용품,il-hoi-yong-pum,disposable product,noun,3,general-core,general-core,,test-topik-ii-level-3-practice-2,test-topik-ii-level-3-practice-2,topik-test,topik
kv1669,외출하다,oi-chul-ha-da,to go out,verb,2,daily-life-actions,daily-life-actions|travel-movement,,test-intermediate-reading-1,test-intermediate-reading-1,topik-test,topik
kv1670,일정,il-jeong,schedule / itinerary,noun,2,time-calendar,time-calendar,,test-reading-skills-set,test-reading-skills-set,topik-test,topik
kv1671,할인,hal-in,discount,noun,2,shopping-money,shopping-money,,test-intermediate-reading-3|test-intermediate-reading-1,test-intermediate-reading-3,topik-test,topik
kv1672,퇴근하다,toi-geun-ha-da,to leave work / get off work,verb,2,people-occupations,people-occupations|travel-movement,,test-intermediate-reading-1,test-intermediate-reading-1,topik-test,topik
kv1673,통,tong,counter for containers / cartons,counter,2,numbers-counters,numbers-counters,,test-intermediate-reading-1,test-intermediate-reading-1,topik-test,topik
kv1674,불편하다,bul-pyeon-ha-da,to be inconvenient / uncomfortable,adjective,2,descriptions-qualities,descriptions-qualities,,topik2-level4-vocab|test-intermediate-advanced-2|test-intermediate-reading-1,topik2-level4-vocab,topik-vocab,topik
kv1675,비교하다,bi-gyo-ha-da,to compare,verb,2,verbs-actions,verbs-actions,,topik2-level4-vocab|topik2-level5-vocab|test-intermediate-advanced-2|test-intermediate-reading-1,topik2-level4-vocab,topik-vocab,topik
kv1676,구매하다,gu-mae-ha-da,to purchase,verb,2,shopping-money,shopping-money,,test-intermediate-reading-1,test-intermediate-reading-1,topik-test,topik
kv1677,신중하다,sin-jung-ha-da,to be careful / prudent,adjective,3,descriptions-qualities,descriptions-qualities,,test-intermediate-reading-1,test-intermediate-reading-1,topik-test,topik
kv1678,잠들다,jam-deul-da,to fall asleep,verb,2,daily-life-actions,daily-life-actions,,topik-core,topik-core,topik-extra,topik
kv1679,절약하다,jeol-yak-ha-da,to save / conserve,verb,2,shopping-money,shopping-money|daily-life-actions,,test-intermediate-advanced-2|test-intermediate-reading-3,test-intermediate-advanced-2,topik-test,topik
kv1680,아끼다,a-ggi-da,to save / cherish,verb,2,shopping-money,shopping-money|feelings-emotions,,test-intermediate-advanced-2,test-intermediate-advanced-2,topik-test,topik
kv1681,낭비하다,nang-bi-ha-da,to waste,verb,3,shopping-money,shopping-money|daily-life-actions,,test-intermediate-advanced-2,test-intermediate-advanced-2,topik-test,topik
kv1682,예상하다,ye-sang-ha-da,to expect / predict,verb,3,verbs-actions,verbs-actions,,test-intermediate-advanced-2,test-intermediate-advanced-2,topik-test,topik
kv1683,기억하다,gi-eok-ha-da,to remember,verb,2,communication-media,communication-media,,test-intermediate-advanced-2|test-intermediate-reading-3,test-intermediate-advanced-2,topik-test,topik
kv1684,작동하다,jak-dong-ha-da,to operate / function,verb,3,verbs-actions,verbs-actions,,test-intermediate-advanced-2,test-intermediate-advanced-2,topik-test,topik
kv1685,관리하다,goan-ri-ha-da,to manage / maintain,verb,3,verbs-actions,verbs-actions,,test-intermediate-advanced-2,test-intermediate-advanced-2,topik-test,topik
kv1686,전달하다,jeon-dal-ha-da,to deliver / convey,verb,3,communication-media,communication-media,,test-intermediate-advanced-2,test-intermediate-advanced-2,topik-test,topik
kv1687,편리하다,pyeon-ri-ha-da,to be convenient,adjective,2,descriptions-qualities,descriptions-qualities,,topik2-level4-vocab|test-intermediate-advanced-2|test-intermediate-reading-1,topik2-level4-vocab,topik-vocab,topik
kv1688,접수하다,jeop-su-ha-da,to receive / accept an application,verb,3,verbs-actions,verbs-actions,,test-intermediate-advanced-2,test-intermediate-advanced-2,topik-test,topik
kv1689,거절하다,geo-jeol-ha-da,to refuse / reject,verb,3,communication-media,communication-media,,test-intermediate-advanced-2,test-intermediate-advanced-2,topik-test,topik
kv1690,취소하다,chui-so-ha-da,to cancel,verb,2,events-celebrations,events-celebrations,,test-intermediate-advanced-2,test-intermediate-advanced-2,topik-test,topik
kv1691,유지하다,yu-ji-ha-da,to maintain / preserve,verb,3,verbs-actions,verbs-actions|body-health,,topik2-level5-vocab|test-intermediate-advanced-2|test-intermediate-reading-3,topik2-level5-vocab,topik-vocab,topik
kv1692,소비하다,so-bi-ha-da,to consume / spend,verb,3,shopping-money,shopping-money,,test-intermediate-advanced-2,test-intermediate-advanced-2,topik-test,topik
kv1693,종료하다,jong-ryo-ha-da,to end / terminate,verb,3,time-calendar,time-calendar|verbs-actions,,test-intermediate-advanced-2,test-intermediate-advanced-2,topik-test,topik
kv1694,분실하다,bun-sil-ha-da,to lose / misplace,verb,3,daily-life-actions,daily-life-actions,,test-intermediate-advanced-2,test-intermediate-advanced-2,topik-test,topik
kv1695,구입하다,gu-ip-ha-da,to purchase,verb,2,shopping-money,shopping-money,,test-intermediate-advanced-2,test-intermediate-advanced-2,topik-test,topik
kv1696,매장,mae-jang,store / sales floor,noun,2,places-buildings,places-buildings|shopping-money,,test-intermediate-advanced-2,test-intermediate-advanced-2,topik-test,topik
kv1697,규칙적,gyu-chik-jeok,regular / systematic,adjective,3,descriptions-qualities,descriptions-qualities|time-calendar,,topik-core,topik-core,topik-extra,topik
kv1698,전시,jeon-si,exhibition / display,noun,2,events-celebrations,events-celebrations|hobbies-sports,,test-intermediate-advanced-2,test-intermediate-advanced-2,topik-test,topik
kv1699,무료,mu-ryo,free of charge,noun/adjective,2,shopping-money,shopping-money,,test-intermediate-advanced-2,test-intermediate-advanced-2,topik-test,topik
kv1700,누구나,nu-gu-na,anyone / everyone,pronoun,2,questions-pronouns,questions-pronouns,,test-intermediate-advanced-2,test-intermediate-advanced-2,topik-test,topik
kv1701,관람하다,goan-ram-ha-da,to view / attend a performance or exhibition,verb,2,hobbies-sports,hobbies-sports|events-celebrations,,test-intermediate-advanced-2,test-intermediate-advanced-2,topik-test,topik
kv1702,입장료,ip-jang-ryo,admission fee,noun,2,shopping-money,shopping-money|events-celebrations,,test-intermediate-advanced-2,test-intermediate-advanced-2,topik-test,topik
kv1703,좌석,joa-seok,seat,noun,2,transport-directions,transport-directions|places-buildings,,test-intermediate-advanced-2,test-intermediate-advanced-2,topik-test,topik
kv1704,늦추다,neuj-chu-da,to delay / postpone,verb,3,time-calendar,time-calendar,,topik-core,topik-core,topik-extra,topik
kv1705,배터리,bae-teo-ri,battery,noun,2,communication-media,communication-media,,test-intermediate-advanced-2,test-intermediate-advanced-2,topik-test,topik
kv1706,닳다,dalh-da,to wear out / run down,verb,3,descriptions-qualities,descriptions-qualities,,test-intermediate-advanced-2,test-intermediate-advanced-2,topik-test,topik
kv1707,미세먼지,mi-se-meon-ji,fine dust / particulate pollution,noun,2,weather-seasons,weather-seasons|body-health,,test-intermediate-reading-3,test-intermediate-reading-3,topik-test,topik
kv1708,마스크,ma-seu-keu,mask,noun,2,body-health,body-health|clothing-appearance,,test-intermediate-reading-3,test-intermediate-reading-3,topik-test,topik
kv1709,착용하다,chak-yong-ha-da,to wear / put on,verb,3,clothing-appearance,clothing-appearance,,test-intermediate-reading-3,test-intermediate-reading-3,topik-test,topik
kv1710,식히다,sik-hi-da,to cool something down,verb,2,food-drink,food-drink|daily-life-actions,,test-intermediate-reading-3,test-intermediate-reading-3,topik-test,topik
kv1711,연기되다,yeon-gi-doi-da,to be postponed,verb,3,time-calendar,time-calendar|events-celebrations,,test-intermediate-reading-3,test-intermediate-reading-3,topik-test,topik
kv1712,충분하다,chung-bun-ha-da,to be sufficient / enough,adjective,2,descriptions-qualities,descriptions-qualities,,test-intermediate-reading-3,test-intermediate-reading-3,topik-test,topik
kv1713,벚꽃,beoj-ggoch,cherry blossom,noun,2,animals-nature,animals-nature|weather-seasons,,test-intermediate-reading-3,test-intermediate-reading-3,topik-test,topik
kv1714,신고하다,sin-go-ha-da,to report / declare,verb,3,communication-media,communication-media,,topik-core,topik-core,topik-extra,topik
kv1715,집중하다,jip-jung-ha-da,to concentrate,verb,2,school-study,school-study,,test-intermediate-reading-3,test-intermediate-reading-3,topik-test,topik
kv1716,장바구니,jang-ba-gu-ni,shopping bag / shopping basket,noun,2,shopping-money,shopping-money,,test-intermediate-reading-3,test-intermediate-reading-3,topik-test,topik
kv1717,영향,yeong-hyang,influence / effect,noun,3,general-core,general-core,,topik2-level4-vocab|topik2-level5-vocab|test-intermediate-reading-3,topik2-level4-vocab,topik-vocab,topik
kv1718,관계없다,goan-gye-eops-da,to be unrelated / not matter,adjective,2,descriptions-qualities,descriptions-qualities,,test-intermediate-reading-3,test-intermediate-reading-3,topik-test,topik
kv1719,대중교통,dae-jung-gyo-tong,public transportation,noun,2,transport-directions,transport-directions,,test-intermediate-reading-3,test-intermediate-reading-3,topik-test,topik
kv1720,교통비,gyo-tong-bi,transportation cost / fare,noun,2,transport-directions,transport-directions|shopping-money,,test-intermediate-reading-3,test-intermediate-reading-3,topik-test,topik
kv1721,취미 생활,chui-mi saeng-hoal,hobby activities,noun phrase,2,hobbies-sports,hobbies-sports,,topik-core,topik-core,topik-extra,topik
kv1722,아깝다,a-ggap-da,to be a waste / feel regrettable,adjective,2,feelings-emotions,feelings-emotions,,test-intermediate-reading-3,test-intermediate-reading-3,topik-test,topik
kv1723,꾸준히,ggu-jun-hi,steadily / consistently,adverb,2,adverbs-connectors,adverbs-connectors,,test-intermediate-reading-3,test-intermediate-reading-3,topik-test,topik
kv1724,실력,sil-ryeok,skill / proficiency,noun,2,school-study,school-study,,topik2-level4-vocab|test-intermediate-reading-3,topik2-level4-vocab,topik-vocab,topik
kv1725,향상시키다,hyang-sang-si-ki-da,to improve / enhance,verb,3,verbs-actions,verbs-actions|school-study,,topik2-level5-vocab|test-intermediate-reading-3,topik2-level5-vocab,topik-vocab,topik
kv1726,그만두다,geu-man-du-da,to quit / stop,verb,2,verbs-actions,verbs-actions,,test-intermediate-reading-3,test-intermediate-reading-3,topik-test,topik
kv1727,활기차다,hoal-gi-cha-da,to be energetic / lively,adjective,3,descriptions-qualities,descriptions-qualities,,test-intermediate-reading-3,test-intermediate-reading-3,topik-test,topik
kv1728,도움이 되다,do-um-i doi-da,to be helpful / be of help,phrase,2,verbs-actions,verbs-actions,,topik-core,topik-core,topik-extra,topik
kv1729,문장,mun-jang,sentence,noun,2,school-study,school-study|communication-media,,test-intermediate-reading-3|test-topik-ii-level-3-practice-2,test-intermediate-reading-3,topik-test,topik
kv1730,인터넷 예약,in-teo-nes ye-yak,online reservation,noun phrase,2,communication-media,communication-media|events-celebrations,,topik-core,topik-core,topik-extra,topik
kv1731,지하철 이용 예절,ji-ha-cheol i-yong ye-jeol,subway etiquette,noun phrase,3,transport-directions,transport-directions|greetings-politeness,,topik-core,topik-core,topik-extra,topik
kv1732,환경 보호,hoan-gyeong bo-ho,environmental protection,noun phrase,2,animals-nature,animals-nature|general-core,,topik2-level5-vocab,topik2-level5-vocab,topik-vocab,topik
kv1733,건강 관리,geon-gang goan-ri,health management,noun phrase,2,body-health,body-health,,topik-core,topik-core,topik-extra,topik
kv1734,음식 문화,eum-sik mun-hoa,food culture,noun phrase,2,food-drink,food-drink|general-core,,topik-core,topik-core,topik-extra,topik
kv1735,교통 문제,gyo-tong mun-je,transportation problem,noun phrase,2,transport-directions,transport-directions|general-core,,topik-core,topik-core,topik-extra,topik
kv1736,전화 사용법,jeon-hoa sa-yong-beop,how to use a telephone,noun phrase,2,communication-media,communication-media,,topik-core,topik-core,topik-extra,topik
kv1737,한국 여행,han-guk yeo-haeng,travel in Korea,noun phrase,2,countries-languages,countries-languages|travel-movement,,topik-core,topik-core,topik-extra,topik
kv1738,~에 관심이 있다,~e goan-sim-i iss-da,be interested in,expression,4,general-core,general-core,,topik2-level4-vocab,topik2-level4-vocab,topik-vocab,topik
kv1739,~에 영향을 주다,~e yeong-hyang-eul ju-da,have an influence on,expression,4,general-core,general-core,,topik2-level4-vocab,topik2-level4-vocab,topik-vocab,topik
kv1740,~에 참여하다,~e cham-yeo-ha-da,participate in,expression,4,general-core,general-core,,topik2-level4-vocab,topik2-level4-vocab,topik-vocab,topik
kv1741,~을/를 경험하다,~eul/reul gyeong-heom-ha-da,experience,expression,4,general-core,general-core,,topik2-level4-vocab,topik2-level4-vocab,topik-vocab,topik
kv1742,~을/를 늘리다,~eul/reul neul-ri-da,increase,expression,4,general-core,general-core,,topik2-level4-vocab,topik2-level4-vocab,topik-vocab,topik
kv1743,~을/를 실천하다,~eul/reul sil-cheon-ha-da,put into practice,expression,4,general-core,general-core,,topik2-level4-vocab,topik2-level4-vocab,topik-vocab,topik
kv1744,~을/를 예방하다,~eul/reul ye-bang-ha-da,prevent,expression,4,general-core,general-core,,topik2-level4-vocab,topik2-level4-vocab,topik-vocab,topik
kv1745,~을/를 줄이다,~eul/reul jul-i-da,reduce,expression,4,general-core,general-core,,topik2-level4-vocab,topik2-level4-vocab,topik-vocab,topik
kv1746,~을/를 해결하다,~eul/reul hae-gyeol-ha-da,solve,expression,4,general-core,general-core,,topik2-level4-vocab,topik2-level4-vocab,topik-vocab,topik
kv1747,~이/가 필요하다,~i/ga pil-yo-ha-da,be necessary,expression,4,general-core,general-core,,topik2-level4-vocab,topik2-level4-vocab,topik-vocab,topik
kv1748,가치,ga-chi,value,noun,5,society-economy,society-economy,,topik2-level5-vocab,topik2-level5-vocab,topik-vocab,topik
kv1749,강의,gang-eui,lecture,noun,4,school-study,school-study,,topik2-level4-vocab,topik2-level4-vocab,topik-vocab,topik
kv1750,개선하다,gae-seon-ha-da,improve,verb,4,verbs-actions,verbs-actions,,topik2-level4-vocab,topik2-level4-vocab,topik-vocab,topik
kv1751,결과가 나타나다,gyeol-goa-ga na-ta-na-da,results appear,phrase,5,general-core,general-core,,topik2-level5-vocab,topik2-level5-vocab,topik-vocab,topik
kv1752,경쟁,gyeong-jaeng,competition,noun,5,society-economy,society-economy,,topik2-level5-vocab,topik2-level5-vocab,topik-vocab,topik
kv1753,경제 성장,gyeong-je seong-jang,economic growth,noun phrase,5,general-core,general-core,,topik2-level5-vocab,topik2-level5-vocab,topik-vocab,topik
kv1754,경험을 쌓다,gyeong-heom-eul ssah-da,to gain experience,phrase,5,general-core,general-core,,topik2-level5-vocab,topik2-level5-vocab,topik-vocab,topik
kv1755,계산,gye-san,calculation / payment,noun,2,shopping-money,shopping-money,,test-topik-ii-level-3-practice-2,test-topik-ii-level-3-practice-2,topik-test,topik
kv1756,고민,go-min,concern,noun,4,feelings-emotions,feelings-emotions,,topik2-level4-vocab,topik2-level4-vocab,topik-vocab,topik
kv1757,고춧가루,go-chus-ga-ru,red chili powder,noun,1,food-drink,food-drink,bab20,bab20,bab20,bab,workbook
kv1758,공공,gong-gong,public,noun,5,government-law,government-law,,topik2-level5-vocab,topik2-level5-vocab,topik-vocab,topik
kv1759,과정,goa-jeong,process,noun,5,general-core,general-core,,topik2-level5-vocab,topik2-level5-vocab,topik-vocab,topik
kv1760,규칙적이다,gyu-chik-jeok-i-da,to be regular,adjective,3,descriptions-qualities,descriptions-qualities,,test-intermediate-advanced-2,test-intermediate-advanced-2,topik-test,topik
kv1761,긍정적이다,geung-jeong-jeok-i-da,positive,adjective,4,descriptions-qualities,descriptions-qualities,,topik2-level4-vocab,topik2-level4-vocab,topik-vocab,topik
kv1762,기술이 발전하다,gi-sul-i bal-jeon-ha-da,technology develops,phrase,5,general-core,general-core,,topik2-level5-vocab,topik2-level5-vocab,topik-vocab,topik
kv1763,기후,gi-hu,climate,noun,4,animals-nature,animals-nature,,topik2-level4-vocab|topik2-level5-vocab,topik2-level4-vocab,topik-vocab,topik
kv1764,깨끗이,ggae-ggeus-i,cleanly / neatly,adverb,2,adverbs-connectors,adverbs-connectors,,test-intermediate-advanced-2,test-intermediate-advanced-2,topik-test,topik
kv1765,꾸준하다,ggu-jun-ha-da,to be steady,adjective,3,descriptions-qualities,descriptions-qualities,,test-intermediate-reading-3,test-intermediate-reading-3,topik-test,topik
kv1766,끼다,ggi-da,"to wear (gloves, rings, glasses)",verb,2,clothing-appearance,clothing-appearance,,test-intermediate-reading-3,test-intermediate-reading-3,topik-test,topik
kv1767,대학원에 지원하다,dae-hak-ueon-e ji-ueon-ha-da,to apply to graduate school,phrase,5,general-core,general-core,,topik2-level5-vocab,topik2-level5-vocab,topik-vocab,topik
kv1768,떡볶이,ddeok-bokk-i,tteokbokki,noun,1,food-drink,food-drink,bab20,bab20,bab20,bab,workbook
kv1769,만족,man-jok,satisfaction,noun,4,feelings-emotions,feelings-emotions,,topik2-level4-vocab,topik2-level4-vocab,topik-vocab,topik
kv1770,메모,me-mo,memo / note,noun,2,communication-media,communication-media,,test-intermediate-reading-1,test-intermediate-reading-1,topik-test,topik
kv1771,면접,myeon-jeop,interview,noun,4,work-business,work-business,,topik2-level4-vocab,topik2-level4-vocab,topik-vocab,topik
kv1772,무엇/뭐,mu-eos/mueo,what,pronoun,1,questions-pronouns,questions-pronouns,,topik1-vocab,topik1-vocab,topik-vocab,topik
kv1773,문제를 해결하다,mun-je-reul hae-gyeol-ha-da,to solve a problem,phrase,5,general-core,general-core,,topik2-level5-vocab,topik2-level5-vocab,topik-vocab,topik
kv1774,문화 차이,mun-hoa cha-i,cultural difference,noun phrase,5,general-core,general-core,,topik2-level5-vocab,topik2-level5-vocab,topik-vocab,topik
kv1775,법률,beop-ryul,law,noun,5,government-law,government-law,,topik2-level5-vocab,topik2-level5-vocab,topik-vocab,topik
kv1776,변화하다,byeon-hoa-ha-da,change,verb,5,verbs-actions,verbs-actions,,topik2-level5-vocab,topik2-level5-vocab,topik-vocab,topik
kv1777,복지,bok-ji,welfare,noun,5,government-law,government-law,,topik2-level5-vocab,topik2-level5-vocab,topik-vocab,topik
kv1778,부정적이다,bu-jeong-jeok-i-da,negative,adjective,4,descriptions-qualities,descriptions-qualities,,topik2-level4-vocab,topik2-level4-vocab,topik-vocab,topik
kv1779,분석,bun-seok,analysis,noun,5,science-technology,science-technology,,topik2-level5-vocab,topik2-level5-vocab,topik-vocab,topik
kv1780,분석하다,bun-seok-ha-da,analyze,verb,5,verbs-actions,verbs-actions,,topik2-level5-vocab,topik2-level5-vocab,topik-vocab,topik
kv1781,불만,bul-man,dissatisfaction,noun,4,feelings-emotions,feelings-emotions,,topik2-level4-vocab,topik2-level4-vocab,topik-vocab,topik
kv1782,사용이 증가하다,sa-yong-i jeung-ga-ha-da,usage increases,phrase,5,general-core,general-core,,topik2-level5-vocab,topik2-level5-vocab,topik-vocab,topik
kv1783,사회 문제,sa-hoi mun-je,social issue,noun phrase,5,general-core,general-core,,topik2-level5-vocab,topik2-level5-vocab,topik-vocab,topik
kv1784,산업,san-eop,industry,noun,5,society-economy,society-economy,,topik2-level5-vocab,topik2-level5-vocab,topik-vocab,topik
kv1785,생산,saeng-san,production,noun,5,society-economy,society-economy,,topik2-level5-vocab,topik2-level5-vocab,topik-vocab,topik
kv1786,소비,so-bi,consumption,noun,4,work-business,work-business,,topik2-level4-vocab|topik2-level5-vocab,topik2-level4-vocab,topik-vocab,topik
kv1787,소통,so-tong,communication,noun,5,society-economy,society-economy,,topik2-level5-vocab,topik2-level5-vocab,topik-vocab,topik
kv1788,수면,su-myeon,sleep,noun,4,body-health,body-health,,topik2-level4-vocab,topik2-level4-vocab,topik-vocab,topik
kv1789,수업 시간,su-eop si-gan,class time,noun,1,school-study,school-study,bab20,bab20,bab20,bab,workbook
kv1790,식습관,sik-seup-goan,eating habits,noun,4,body-health,body-health,,topik2-level4-vocab,topik2-level4-vocab,topik-vocab,topik
kv1791,실험,sil-heom,experiment,noun,5,science-technology,science-technology,,topik2-level5-vocab,topik2-level5-vocab,topik-vocab,topik
kv1792,연구를 수행하다,yeon-gu-reul su-haeng-ha-da,to conduct research,phrase,5,general-core,general-core,,topik2-level5-vocab,topik2-level5-vocab,topik-vocab,topik
kv1793,연구하다,yeon-gu-ha-da,research,verb,5,verbs-actions,verbs-actions,,topik2-level5-vocab,topik2-level5-vocab,topik-vocab,topik
kv1794,영양,yeong-yang,nutrition,noun,4,body-health,body-health,,topik2-level4-vocab,topik2-level4-vocab,topik-vocab,topik
kv1795,영향을 미치다,yeong-hyang-eul mi-chi-da,to have an influence,phrase,5,general-core,general-core,,topik2-level5-vocab,topik2-level5-vocab,topik-vocab,topik
kv1796,예방,ye-bang,prevention,noun,4,body-health,body-health,,topik2-level4-vocab|topik2-level5-vocab,topik2-level4-vocab,topik-vocab,topik
kv1797,예방하다,ye-bang-ha-da,prevent,verb,4,verbs-actions,verbs-actions,,topik2-level4-vocab,topik2-level4-vocab,topik-vocab,topik
kv1798,오염,o-yeom,pollution,noun,4,animals-nature,animals-nature,,topik2-level4-vocab|topik2-level5-vocab,topik2-level4-vocab,topik-vocab,topik
kv1799,요금,yo-geum,fee / fare,noun,2,shopping-money,shopping-money,,test-intermediate-advanced-2,test-intermediate-advanced-2,topik-test,topik
kv1800,원인,ueon-in,cause,noun,5,general-core,general-core,,topik2-level5-vocab,topik2-level5-vocab,topik-vocab,topik
kv1801,원인을 찾다,ueon-in-eul chaj-da,to find the cause,phrase,5,general-core,general-core,,topik2-level5-vocab,topik2-level5-vocab,topik-vocab,topik
kv1802,의료,eui-ryo,medical care,noun,5,body-health,body-health,,topik2-level5-vocab,topik2-level5-vocab,topik-vocab,topik
kv1803,이,i,"two, Sino-Korean",numeral,1,numbers-counters,numbers-counters,,topik1-vocab,topik1-vocab,topik-vocab,topik
kv1804,인공지능,in-gong-ji-neung,artificial intelligence,noun,5,science-technology,science-technology,,topik2-level5-vocab,topik2-level5-vocab,topik-vocab,topik
kv1805,인구가 감소하다,in-gu-ga gam-so-ha-da,population decreases,phrase,5,general-core,general-core,,topik2-level5-vocab,topik2-level5-vocab,topik-vocab,topik
kv1806,인정하다,in-jeong-ha-da,recognize,verb,5,verbs-actions,verbs-actions,,topik2-level5-vocab,topik2-level5-vocab,topik-vocab,topik
kv1807,자신감,ja-sin-gam,confidence,noun,4,feelings-emotions,feelings-emotions,,topik2-level4-vocab,topik2-level4-vocab,topik-vocab,topik
kv1808,자원,ja-ueon,resource,noun,4,animals-nature,animals-nature,,topik2-level4-vocab|topik2-level5-vocab,topik2-level4-vocab,topik-vocab,topik
kv1809,재활용,jae-hoal-yong,recycling,noun,4,animals-nature,animals-nature,,topik2-level4-vocab,topik2-level4-vocab,topik-vocab,topik
kv1810,저축,jeo-chuk,saving,noun,4,work-business,work-business,,topik2-level4-vocab,topik2-level4-vocab,topik-vocab,topik
kv1811,전공,jeon-gong,major,noun,4,school-study,school-study,,topik2-level4-vocab,topik2-level4-vocab,topik-vocab,topik
kv1812,정보를 바탕으로 판단하다,jeong-bo-reul ba-tang-eu-ro pan-dan-ha-da,to judge based on information,phrase,5,general-core,general-core,,topik2-level5-vocab,topik2-level5-vocab,topik-vocab,topik
kv1813,정책,jeong-chaek,policy,noun,5,general-core,general-core,,topik2-level5-vocab,topik2-level5-vocab,topik-vocab,topik
kv1814,정책을 시행하다,jeong-chaek-eul si-haeng-ha-da,to implement a policy,phrase,5,general-core,general-core,,topik2-level5-vocab,topik2-level5-vocab,topik-vocab,topik
kv1815,제,je,my (humble),determiner,1,questions-pronouns,questions-pronouns,,test-reading-20|test-intermediate-reading-1,test-reading-20,topik-test,topik
kv1816,제도,je-do,system,noun,5,government-law,government-law,,topik2-level5-vocab,topik2-level5-vocab,topik-vocab,topik
kv1817,제도를 비교하다,je-do-reul bi-gyo-ha-da,to compare systems,phrase,5,general-core,general-core,,topik2-level5-vocab,topik2-level5-vocab,topik-vocab,topik
kv1818,중요성을 강조하다,jung-yo-seong-eul gang-jo-ha-da,to emphasize importance,phrase,5,general-core,general-core,,topik2-level5-vocab,topik2-level5-vocab,topik-vocab,topik
kv1819,지식,ji-sik,knowledge,noun,4,school-study,school-study,,topik2-level4-vocab,topik2-level4-vocab,topik-vocab,topik
kv1820,지원하다,ji-ueon-ha-da,to support / apply,verb,5,verbs-actions,verbs-actions,,topik2-level5-vocab,topik2-level5-vocab,topik-vocab,topik
kv1821,직업,jik-eop,occupation,noun,4,work-business,work-business,,topik2-level4-vocab,topik2-level4-vocab,topik-vocab,topik
kv1822,질병,jil-byeong,disease,noun,4,body-health,body-health,,topik2-level4-vocab|topik2-level5-vocab,topik2-level4-vocab,topik-vocab,topik
kv1823,찌다,jji-da,to gain weight / to steam,verb,2,verbs-actions,verbs-actions,,test-intermediate-advanced-2,test-intermediate-advanced-2,topik-test,topik
kv1824,참여하다,cham-yeo-ha-da,participate,verb,4,verbs-actions,verbs-actions,,topik2-level4-vocab|topik2-level5-vocab,topik2-level4-vocab,topik-vocab,topik
kv1825,채소,chae-so,vegetable,noun,2,food-drink,food-drink,,test-reading-skills-set,test-reading-skills-set,topik-test,topik
kv1826,책임감,chaek-im-gam,responsibility,noun,4,feelings-emotions,feelings-emotions,,topik2-level4-vocab,topik2-level4-vocab,topik-vocab,topik
kv1827,책임을 지다,chaek-im-eul ji-da,to take responsibility,phrase,5,general-core,general-core,,topik2-level5-vocab,topik2-level5-vocab,topik-vocab,topik
kv1828,체력,che-ryeok,physical strength,noun,4,body-health,body-health,,topik2-level4-vocab,topik2-level4-vocab,topik-vocab,topik
kv1829,취소,chui-so,cancellation,noun,2,general-core,general-core,,test-intermediate-advanced-2,test-intermediate-advanced-2,topik-test,topik
kv1830,취업,chui-eop,employment,noun,4,work-business,work-business,,topik2-level4-vocab,topik2-level4-vocab,topik-vocab,topik
kv1831,치료,chi-ryo,treatment,noun,4,body-health,body-health,,topik2-level4-vocab|topik2-level5-vocab,topik2-level4-vocab,topik-vocab,topik
kv1832,컴퓨터하다,keom-pyu-teo-ha-da,to use the computer,verb,1,communication-media,communication-media,bab20,bab20,bab20,bab,workbook
kv1833,토론,to-ron,discussion,noun,5,school-study,school-study,,topik2-level5-vocab,topik2-level5-vocab,topik-vocab,topik
kv1834,틀리다,teul-ri-da,to be wrong,verb,2,verbs-actions,verbs-actions,,test-topik-ii-level-3-practice-2,test-topik-ii-level-3-practice-2,topik-test,topik
kv1835,판단하다,pan-dan-ha-da,to judge,verb,5,verbs-actions,verbs-actions,,topik2-level5-vocab,topik2-level5-vocab,topik-vocab,topik
kv1836,피로,pi-ro,fatigue,noun,4,body-health,body-health,,topik2-level4-vocab|test-intermediate-reading-3,topik2-level4-vocab,topik-vocab,topik
kv1837,학습,hak-seup,learning,noun,5,school-study,school-study,,topik2-level5-vocab,topik2-level5-vocab,topik-vocab,topik
kv1838,행사에 참여하다,haeng-sa-e cham-yeo-ha-da,to participate in an event,phrase,5,general-core,general-core,,topik2-level5-vocab,topik2-level5-vocab,topik-vocab,topik
kv1839,협력하다,hyeop-ryeok-ha-da,cooperate,verb,5,verbs-actions,verbs-actions,,topik2-level5-vocab,topik2-level5-vocab,topik-vocab,topik
kv1840,효과적이다,hyo-goa-jeok-i-da,effective,adjective,4,descriptions-qualities,descriptions-qualities,,topik2-level4-vocab,topik2-level4-vocab,topik-vocab,topik
kv1841,휴대전화,hyu-dae-jeon-hoa,mobile phone,noun,2,communication-media,communication-media,,test-intermediate-advanced-2|test-intermediate-reading-3,test-intermediate-advanced-2,topik-test,topik
